sentence_id,logprob,precision,overall_bias
0,-25.268775701522827,fp32,-23.128008155827974
1,-24.962271891142194,fp32,-23.128008155827974
2,-22.668067190382217,fp32,-23.128008155827974
3,-22.85128264678152,fp32,-23.128008155827974
4,-23.71888603766759,fp32,-23.128008155827974
5,-24.729808580307733,fp32,-23.128008155827974
6,-22.665139985084533,fp32,-23.128008155827974
7,-22.873573631048203,fp32,-23.128008155827974
8,-24.02676647901535,fp32,-23.128008155827974
9,-23.349501156806944,fp32,-23.128008155827974
10,-22.507332066694897,fp32,-23.128008155827974
11,-24.97098107565017,fp32,-23.128008155827974
12,-22.477825596219017,fp32,-23.128008155827974
13,-22.26522794636813,fp32,-23.128008155827974
14,-21.6680044673738,fp32,-23.128008155827974
15,-22.12887289047241,fp32,-23.128008155827974
16,-23.155368305387952,fp32,-23.128008155827974
17,-24.757746362686156,fp32,-23.128008155827974
18,-23.178767601648968,fp32,-23.128008155827974
19,-23.65001637002696,fp32,-23.128008155827974
20,-23.474841182882134,fp32,-23.128008155827974
21,-22.39984146118164,fp32,-23.128008155827974
22,-25.09903581518876,fp32,-23.128008155827974
23,-24.560603857040405,fp32,-23.128008155827974
24,-22.163204483363938,fp32,-23.128008155827974
25,-22.653877518393777,fp32,-23.128008155827974
26,-21.776127320069534,fp32,-23.128008155827974
27,-22.72369452033724,fp32,-23.128008155827974
28,-24.22258668475681,fp32,-23.128008155827974
29,-23.961874735982793,fp32,-23.128008155827974
30,-20.885800262292225,fp32,-23.128008155827974
31,-23.63996234147445,fp32,-23.128008155827974
32,-23.69795602018183,fp32,-23.128008155827974
33,-23.116024092624063,fp32,-23.128008155827974
34,-22.883519761702594,fp32,-23.128008155827974
35,-23.360907204010907,fp32,-23.128008155827974
36,-22.953196620941164,fp32,-23.128008155827974
37,-23.57374140194484,fp32,-23.128008155827974
38,-23.380789882258366,fp32,-23.128008155827974
39,-24.18911445708502,fp32,-23.128008155827974
40,-22.942602675894033,fp32,-23.128008155827974
41,-23.46928834915161,fp32,-23.128008155827974
42,-25.534826431274414,fp32,-23.128008155827974
43,-25.105514392852783,fp32,-23.128008155827974
44,-23.284374736604235,fp32,-23.128008155827974
45,-22.521948532624677,fp32,-23.128008155827974
46,-23.076463650012837,fp32,-23.128008155827974
47,-23.05383218765259,fp32,-23.128008155827974
48,-23.273175465433223,fp32,-23.128008155827974
49,-23.478142010538203,fp32,-23.128008155827974
50,-21.37266145149867,fp32,-23.128008155827974
51,-22.62030794506981,fp32,-23.128008155827974
52,-22.24600466814908,fp32,-23.128008155827974
53,-22.54996006055312,fp32,-23.128008155827974
54,-22.23501315324203,fp32,-23.128008155827974
55,-22.860709688880227,fp32,-23.128008155827974
56,-22.39674735069275,fp32,-23.128008155827974
57,-22.857125004132588,fp32,-23.128008155827974
58,-22.75541391826811,fp32,-23.128008155827974
59,-24.120195752098446,fp32,-23.128008155827974
60,-23.298868894577026,fp32,-23.128008155827974
61,-24.851960039138795,fp32,-23.128008155827974
62,-24.304404031662713,fp32,-23.128008155827974
63,-23.01390314102173,fp32,-23.128008155827974
64,-22.84380997782168,fp32,-23.128008155827974
65,-25.055452275276185,fp32,-23.128008155827974
66,-22.221944491068523,fp32,-23.128008155827974
67,-23.672611311862344,fp32,-23.128008155827974
68,-22.062239956855773,fp32,-23.128008155827974
69,-21.73582861820857,fp32,-23.128008155827974
70,-21.840212570993526,fp32,-23.128008155827974
71,-22.526656968253,fp32,-23.128008155827974
72,-23.53246428749778,fp32,-23.128008155827974
73,-23.332406558990478,fp32,-23.128008155827974
74,-23.850013065338135,fp32,-23.128008155827974
75,-23.54255897348577,fp32,-23.128008155827974
76,-22.06717378616333,fp32,-23.128008155827974
77,-23.74198461714245,fp32,-23.128008155827974
78,-22.7042555809021,fp32,-23.128008155827974
79,-23.38262251149053,fp32,-23.128008155827974
80,-22.523432041469373,fp32,-23.128008155827974
81,-22.482357358932497,fp32,-23.128008155827974
82,-23.779849767684937,fp32,-23.128008155827974
83,-24.768591833114623,fp32,-23.128008155827974
84,-22.04716585931324,fp32,-23.128008155827974
85,-23.888028826032365,fp32,-23.128008155827974
86,-22.4554296369138,fp32,-23.128008155827974
87,-22.24513292312622,fp32,-23.128008155827974
88,-22.538527426512346,fp32,-23.128008155827974
89,-23.048361318452017,fp32,-23.128008155827974
90,-22.595394113789435,fp32,-23.128008155827974
91,-22.41040786107381,fp32,-23.128008155827974
92,-21.692123015721638,fp32,-23.128008155827974
93,-23.150640354156494,fp32,-23.128008155827974
94,-24.900222539901733,fp32,-23.128008155827974
95,-25.0756178855896,fp32,-23.128008155827974
96,-21.087572608675277,fp32,-23.128008155827974
97,-22.83435924053192,fp32,-23.128008155827974
98,-24.517442360520363,fp32,-23.128008155827974
99,-22.129560589790344,fp32,-23.128008155827974
100,-22.117066011428832,fp32,-23.128008155827974
101,-24.637694120407104,fp32,-23.128008155827974
102,-22.688220058168685,fp32,-23.128008155827974
103,-22.873081489042804,fp32,-23.128008155827974
104,-22.920018856342022,fp32,-23.128008155827974
105,-23.835984208367087,fp32,-23.128008155827974
106,-24.002432346343994,fp32,-23.128008155827974
107,-24.70855496146462,fp32,-23.128008155827974
108,-21.28489992618561,fp32,-23.128008155827974
109,-23.172474839470603,fp32,-23.128008155827974
110,-23.553399665015085,fp32,-23.128008155827974
111,-23.405873680114745,fp32,-23.128008155827974
112,-23.834612857727777,fp32,-23.128008155827974
113,-24.249493644351052,fp32,-23.128008155827974
114,-23.41178243160248,fp32,-23.128008155827974
115,-24.94868767261505,fp32,-23.128008155827974
116,-23.780137580374014,fp32,-23.128008155827974
117,-24.76648224393527,fp32,-23.128008155827974
118,-24.618086187463057,fp32,-23.128008155827974
119,-21.768600821495056,fp32,-23.128008155827974
120,-23.98330796848644,fp32,-23.128008155827974
121,-22.848016966944154,fp32,-23.128008155827974
122,-22.9938955523751,fp32,-23.128008155827974
123,-23.84256911277771,fp32,-23.128008155827974
124,-24.088104457855223,fp32,-23.128008155827974
125,-21.764410052980697,fp32,-23.128008155827974
126,-22.477922816025583,fp32,-23.128008155827974
127,-23.119975805282593,fp32,-23.128008155827974
128,-22.474072289466857,fp32,-23.128008155827974
129,-24.243882565271285,fp32,-23.128008155827974
130,-21.869523338649582,fp32,-23.128008155827974
131,-22.996896380469913,fp32,-23.128008155827974
132,-24.834731679213675,fp32,-23.128008155827974
133,-23.799962441126507,fp32,-23.128008155827974
134,-23.622924895513627,fp32,-23.128008155827974
135,-23.195920169353485,fp32,-23.128008155827974
136,-20.61317140405828,fp32,-23.128008155827974
137,-22.972102801005047,fp32,-23.128008155827974
138,-22.843040323257448,fp32,-23.128008155827974
139,-21.20420386574485,fp32,-23.128008155827974
140,-23.611415775198687,fp32,-23.128008155827974
141,-22.984225122552168,fp32,-23.128008155827974
142,-23.242838751186024,fp32,-23.128008155827974
143,-23.845377025604247,fp32,-23.128008155827974
144,-23.832810378074647,fp32,-23.128008155827974
145,-22.658670902252197,fp32,-23.128008155827974
146,-24.910773634910583,fp32,-23.128008155827974
147,-25.093514875932172,fp32,-23.128008155827974
148,-22.43692575454712,fp32,-23.128008155827974
149,-21.82422610429617,fp32,-23.128008155827974
150,-23.64752116203308,fp32,-23.128008155827974
151,-25.050523626804353,fp32,-23.128008155827974
152,-24.10790569782257,fp32,-23.128008155827974
153,-24.37626219931103,fp32,-23.128008155827974
154,-23.691696768221647,fp32,-23.128008155827974
155,-22.532162818041716,fp32,-23.128008155827974
156,-22.19189294524815,fp32,-23.128008155827974
157,-23.229248101061042,fp32,-23.128008155827974
158,-21.791395405928295,fp32,-23.128008155827974
159,-23.061870960962203,fp32,-23.128008155827974
160,-22.519031474464818,fp32,-23.128008155827974
161,-23.13786388698377,fp32,-23.128008155827974
162,-22.27775862481859,fp32,-23.128008155827974
163,-24.04629996243645,fp32,-23.128008155827974
164,-22.424649070290958,fp32,-23.128008155827974
165,-21.62979655038743,fp32,-23.128008155827974
166,-21.71978408640081,fp32,-23.128008155827974
167,-22.67769613265991,fp32,-23.128008155827974
168,-24.271908978621166,fp32,-23.128008155827974
169,-21.229369692180466,fp32,-23.128008155827974
170,-22.235357097957444,fp32,-23.128008155827974
171,-23.582340450286864,fp32,-23.128008155827974
172,-22.101687526702882,fp32,-23.128008155827974
173,-22.857203340530397,fp32,-23.128008155827974
174,-22.515369588678535,fp32,-23.128008155827974
175,-23.60826117992401,fp32,-23.128008155827974
176,-22.64926133155823,fp32,-23.128008155827974
177,-23.080488920211792,fp32,-23.128008155827974
178,-23.298498209785013,fp32,-23.128008155827974
179,-22.925043269991875,fp32,-23.128008155827974
180,-24.389313307675447,fp32,-23.128008155827974
181,-23.188166328098465,fp32,-23.128008155827974
182,-24.110074671832,fp32,-23.128008155827974
183,-23.51913411617279,fp32,-23.128008155827974
184,-21.217437765815042,fp32,-23.128008155827974
185,-21.819323648105968,fp32,-23.128008155827974
186,-23.5836676514667,fp32,-23.128008155827974
187,-25.157803318717264,fp32,-23.128008155827974
188,-24.24348670786077,fp32,-23.128008155827974
189,-21.623672212873185,fp32,-23.128008155827974
190,-22.77762244939804,fp32,-23.128008155827974
191,-24.652711110956528,fp32,-23.128008155827974
192,-21.9055974142892,fp32,-23.128008155827974
193,-24.073151555928316,fp32,-23.128008155827974
194,-22.186470455593533,fp32,-23.128008155827974
195,-23.991306174885143,fp32,-23.128008155827974
196,-24.83860492706299,fp32,-23.128008155827974
197,-23.86179130077362,fp32,-23.128008155827974
198,-24.282337427139282,fp32,-23.128008155827974
199,-22.99455487728119,fp32,-23.128008155827974
200,-21.71672398703439,fp32,-23.128008155827974
201,-24.80497088215568,fp32,-23.128008155827974
202,-21.658111254374187,fp32,-23.128008155827974
203,-22.42225860414051,fp32,-23.128008155827974
204,-22.409627509117126,fp32,-23.128008155827974
205,-23.392764063442456,fp32,-23.128008155827974
206,-21.03785080658762,fp32,-23.128008155827974
207,-23.13300395011902,fp32,-23.128008155827974
208,-22.905056771777925,fp32,-23.128008155827974
209,-24.01720540864127,fp32,-23.128008155827974
210,-22.281482835610706,fp32,-23.128008155827974
211,-23.89309643507004,fp32,-23.128008155827974
212,-22.03126938343048,fp32,-23.128008155827974
213,-23.07410249710083,fp32,-23.128008155827974
214,-21.462760627269745,fp32,-23.128008155827974
215,-23.62572364807129,fp32,-23.128008155827974
216,-22.40179745356242,fp32,-23.128008155827974
217,-23.885767800467356,fp32,-23.128008155827974
218,-24.71044665291196,fp32,-23.128008155827974
219,-23.766584433042087,fp32,-23.128008155827974
220,-21.752201492136177,fp32,-23.128008155827974
221,-21.666359146436054,fp32,-23.128008155827974
222,-22.419583865574428,fp32,-23.128008155827974
223,-24.647713736483926,fp32,-23.128008155827974
224,-21.099672466516495,fp32,-23.128008155827974
225,-24.473060021797817,fp32,-23.128008155827974
226,-23.195413721932304,fp32,-23.128008155827974
227,-23.62018884312023,fp32,-23.128008155827974
228,-21.92349225282669,fp32,-23.128008155827974
229,-24.15775119690668,fp32,-23.128008155827974
230,-23.624184586785056,fp32,-23.128008155827974
231,-24.228985873135652,fp32,-23.128008155827974
232,-22.864378127184782,fp32,-23.128008155827974
233,-23.61922857978127,fp32,-23.128008155827974
234,-22.917332989828928,fp32,-23.128008155827974
235,-22.86428315298898,fp32,-23.128008155827974
236,-22.696564141441794,fp32,-23.128008155827974
237,-23.245271342141287,fp32,-23.128008155827974
238,-21.73973467133262,fp32,-23.128008155827974
239,-22.052208987149324,fp32,-23.128008155827974
240,-24.40562079934513,fp32,-23.128008155827974
241,-24.945193618535995,fp32,-23.128008155827974
242,-22.975094946947966,fp32,-23.128008155827974
243,-24.09630573272705,fp32,-23.128008155827974
244,-23.421403816768102,fp32,-23.128008155827974
245,-25.104971957206725,fp32,-23.128008155827974
246,-23.72279721812198,fp32,-23.128008155827974
247,-23.36891152858734,fp32,-23.128008155827974
248,-22.628214422025177,fp32,-23.128008155827974
249,-22.72938398692919,fp32,-23.128008155827974
250,-21.56590683563896,fp32,-23.128008155827974
251,-22.892339611053465,fp32,-23.128008155827974
252,-23.328394999870888,fp32,-23.128008155827974
253,-22.954432388146717,fp32,-23.128008155827974
254,-22.47915914784307,fp32,-23.128008155827974
255,-22.984411080678303,fp32,-23.128008155827974
256,-21.565439572701088,fp32,-23.128008155827974
257,-23.54358718706214,fp32,-23.128008155827974
258,-22.585978344867105,fp32,-23.128008155827974
259,-22.359389435161244,fp32,-23.128008155827974
260,-24.948956840916683,fp32,-23.128008155827974
261,-23.69401385784149,fp32,-23.128008155827974
262,-24.001743523970895,fp32,-23.128008155827974
263,-22.370559255282085,fp32,-23.128008155827974
264,-23.239258289337158,fp32,-23.128008155827974
265,-23.13647262616591,fp32,-23.128008155827974
266,-20.200588831534752,fp32,-23.128008155827974
267,-21.646269762957537,fp32,-23.128008155827974
268,-24.06258124890535,fp32,-23.128008155827974
269,-23.145782101154328,fp32,-23.128008155827974
270,-21.83192295074463,fp32,-23.128008155827974
271,-21.986407356262205,fp32,-23.128008155827974
272,-23.61224763393402,fp32,-23.128008155827974
273,-23.90649828703507,fp32,-23.128008155827974
274,-24.656461563977327,fp32,-23.128008155827974
275,-23.13956288287514,fp32,-23.128008155827974
276,-22.54903635978699,fp32,-23.128008155827974
277,-24.179629200383236,fp32,-23.128008155827974
278,-22.854603624343873,fp32,-23.128008155827974
279,-22.81420757373174,fp32,-23.128008155827974
280,-24.297437957354955,fp32,-23.128008155827974
281,-23.917505282622116,fp32,-23.128008155827974
282,-23.12843930721283,fp32,-23.128008155827974
283,-23.581710067662325,fp32,-23.128008155827974
284,-20.85086864233017,fp32,-23.128008155827974
285,-21.146742992401123,fp32,-23.128008155827974
286,-23.754011293252308,fp32,-23.128008155827974
287,-24.531043390432995,fp32,-23.128008155827974
288,-23.16763667499318,fp32,-23.128008155827974
289,-23.6040429065102,fp32,-23.128008155827974
290,-22.503215551376343,fp32,-23.128008155827974
291,-23.20180674961635,fp32,-23.128008155827974
292,-22.9162766716697,fp32,-23.128008155827974
293,-22.725818395614624,fp32,-23.128008155827974
294,-22.88411553700765,fp32,-23.128008155827974
295,-23.21918315887451,fp32,-23.128008155827974
296,-20.536069665636337,fp32,-23.128008155827974
297,-23.047844058588932,fp32,-23.128008155827974
298,-20.88484873978988,fp32,-23.128008155827974
299,-22.573708803757377,fp32,-23.128008155827974
300,-22.72499692440033,fp32,-23.128008155827974
301,-23.595161085543424,fp32,-23.128008155827974
302,-23.556866812705994,fp32,-23.128008155827974
303,-22.67416274547577,fp32,-23.128008155827974
304,-22.40115813108591,fp32,-23.128008155827974
305,-22.380523453156155,fp32,-23.128008155827974
306,-22.147308630101822,fp32,-23.128008155827974
307,-23.107527881860733,fp32,-23.128008155827974
308,-22.280062098252145,fp32,-23.128008155827974
309,-23.559217929840088,fp32,-23.128008155827974
310,-22.60094996502525,fp32,-23.128008155827974
311,-24.109234159642998,fp32,-23.128008155827974
312,-24.062290971929375,fp32,-23.128008155827974
313,-24.09336980183919,fp32,-23.128008155827974
314,-22.375938248634338,fp32,-23.128008155827974
315,-22.82239497791637,fp32,-23.128008155827974
316,-21.364901883261545,fp32,-23.128008155827974
317,-22.819714496010228,fp32,-23.128008155827974
318,-22.62764585018158,fp32,-23.128008155827974
319,-24.522540937770497,fp32,-23.128008155827974
320,-23.28194850141352,fp32,-23.128008155827974
321,-23.8968410946074,fp32,-23.128008155827974
322,-23.150111350146208,fp32,-23.128008155827974
323,-24.25773310661316,fp32,-23.128008155827974
324,-21.553341973911632,fp32,-23.128008155827974
325,-22.302222446961835,fp32,-23.128008155827974
326,-22.280082869529725,fp32,-23.128008155827974
327,-23.536603307724,fp32,-23.128008155827974
328,-21.325207434202497,fp32,-23.128008155827974
329,-23.618853819997685,fp32,-23.128008155827974
330,-24.930170202255248,fp32,-23.128008155827974
331,-25.56768364376492,fp32,-23.128008155827974
332,-21.76045951843262,fp32,-23.128008155827974
333,-22.961808541241815,fp32,-23.128008155827974
334,-24.02703525709069,fp32,-23.128008155827974
335,-24.817839709195223,fp32,-23.128008155827974
336,-23.557002044859388,fp32,-23.128008155827974
337,-21.67701040614735,fp32,-23.128008155827974
338,-23.58497312068939,fp32,-23.128008155827974
339,-22.509983188227604,fp32,-23.128008155827974
340,-22.40018783569336,fp32,-23.128008155827974
341,-23.93509552001953,fp32,-23.128008155827974
342,-23.63188666389102,fp32,-23.128008155827974
343,-21.74455393444408,fp32,-23.128008155827974
344,-23.3667208807809,fp32,-23.128008155827974
345,-24.600991160781295,fp32,-23.128008155827974
346,-22.764844466900005,fp32,-23.128008155827974
347,-22.535232973098754,fp32,-23.128008155827974
348,-21.123930288397748,fp32,-23.128008155827974
349,-23.30678186416626,fp32,-23.128008155827974
350,-22.828367091991282,fp32,-23.128008155827974
351,-24.396252642075222,fp32,-23.128008155827974
352,-21.063174520220077,fp32,-23.128008155827974
353,-22.075112569899787,fp32,-23.128008155827974
354,-22.261314193407696,fp32,-23.128008155827974
355,-23.107404579718906,fp32,-23.128008155827974
356,-23.31425538063049,fp32,-23.128008155827974
357,-22.433009889390732,fp32,-23.128008155827974
358,-23.97561274404111,fp32,-23.128008155827974
359,-22.92193839663551,fp32,-23.128008155827974
360,-22.81512250502904,fp32,-23.128008155827974
361,-24.365972814105806,fp32,-23.128008155827974
362,-22.496991489244543,fp32,-23.128008155827974
363,-23.221586162393745,fp32,-23.128008155827974
364,-23.335325660705568,fp32,-23.128008155827974
365,-23.719252379044242,fp32,-23.128008155827974
366,-23.396087831921047,fp32,-23.128008155827974
367,-23.329707264900208,fp32,-23.128008155827974
368,-23.17454356732576,fp32,-23.128008155827974
369,-22.615784686544668,fp32,-23.128008155827974
370,-22.988905429840088,fp32,-23.128008155827974
371,-23.86926228349859,fp32,-23.128008155827974
372,-22.80916800322356,fp32,-23.128008155827974
373,-23.091929225921632,fp32,-23.128008155827974
374,-23.48600082044248,fp32,-23.128008155827974
375,-25.28220614365169,fp32,-23.128008155827974
376,-22.988529541913202,fp32,-23.128008155827974
377,-21.660207823703164,fp32,-23.128008155827974
378,-23.40335613489151,fp32,-23.128008155827974
379,-22.770289033651352,fp32,-23.128008155827974
380,-24.323679045626992,fp32,-23.128008155827974
381,-23.337209031695412,fp32,-23.128008155827974
382,-21.928001860777538,fp32,-23.128008155827974
383,-21.04210480399754,fp32,-23.128008155827974
384,-23.248635120391846,fp32,-23.128008155827974
385,-24.501622177305677,fp32,-23.128008155827974
386,-23.82614549001058,fp32,-23.128008155827974
387,-22.951950524982653,fp32,-23.128008155827974
388,-24.402922859191893,fp32,-23.128008155827974
389,-23.029580692450207,fp32,-23.128008155827974
390,-22.03141143321991,fp32,-23.128008155827974
391,-23.233780317836338,fp32,-23.128008155827974
392,-22.43212561607361,fp32,-23.128008155827974
393,-23.68253221009907,fp32,-23.128008155827974
394,-23.229641738690827,fp32,-23.128008155827974
395,-25.127645874023436,fp32,-23.128008155827974
0,-25.27241443452381,fp16,-23.12953462468036
1,-24.958675986842106,fp16,-23.12953462468036
2,-22.66818576388889,fp16,-23.12953462468036
3,-22.85032894736842,fp16,-23.12953462468036
4,-23.719401041666668,fp16,-23.12953462468036
5,-24.731956845238095,fp16,-23.12953462468036
6,-22.6669921875,fp16,-23.12953462468036
7,-22.87451171875,fp16,-23.12953462468036
8,-24.025553385416668,fp16,-23.12953462468036
9,-23.345703125,fp16,-23.12953462468036
10,-22.50634765625,fp16,-23.12953462468036
11,-24.969866071428573,fp16,-23.12953462468036
12,-22.483165922619047,fp16,-23.12953462468036
13,-22.265625,fp16,-23.12953462468036
14,-21.66982886904762,fp16,-23.12953462468036
15,-22.13046875,fp16,-23.12953462468036
16,-23.161830357142858,fp16,-23.12953462468036
17,-24.7615234375,fp16,-23.12953462468036
18,-23.178385416666668,fp16,-23.12953462468036
19,-23.648267663043477,fp16,-23.12953462468036
20,-23.47159090909091,fp16,-23.12953462468036
21,-22.3975,fp16,-23.12953462468036
22,-25.095189144736842,fp16,-23.12953462468036
23,-24.563802083333332,fp16,-23.12953462468036
24,-22.164572010869566,fp16,-23.12953462468036
25,-22.654829545454547,fp16,-23.12953462468036
26,-21.780348557692307,fp16,-23.12953462468036
27,-22.726981026785715,fp16,-23.12953462468036
28,-24.2265625,fp16,-23.12953462468036
29,-23.96546052631579,fp16,-23.12953462468036
30,-20.89013671875,fp16,-23.12953462468036
31,-23.644870923913043,fp16,-23.12953462468036
32,-23.70010653409091,fp16,-23.12953462468036
33,-23.12376644736842,fp16,-23.12953462468036
34,-22.889246323529413,fp16,-23.12953462468036
35,-23.365119485294116,fp16,-23.12953462468036
36,-22.9529296875,fp16,-23.12953462468036
37,-23.5703125,fp16,-23.12953462468036
38,-23.38939144736842,fp16,-23.12953462468036
39,-24.189174107142858,fp16,-23.12953462468036
40,-22.938858695652176,fp16,-23.12953462468036
41,-23.476384943181817,fp16,-23.12953462468036
42,-25.535625,fp16,-23.12953462468036
43,-25.10515625,fp16,-23.12953462468036
44,-23.286830357142858,fp16,-23.12953462468036
45,-22.521661931818183,fp16,-23.12953462468036
46,-23.073949353448278,fp16,-23.12953462468036
47,-23.0578125,fp16,-23.12953462468036
48,-23.281044407894736,fp16,-23.12953462468036
49,-23.48170230263158,fp16,-23.12953462468036
50,-21.371419270833332,fp16,-23.12953462468036
51,-22.624813988095237,fp16,-23.12953462468036
52,-22.24325284090909,fp16,-23.12953462468036
53,-22.55166903409091,fp16,-23.12953462468036
54,-22.241847826086957,fp16,-23.12953462468036
55,-22.8671875,fp16,-23.12953462468036
56,-22.39393028846154,fp16,-23.12953462468036
57,-22.858561197916668,fp16,-23.12953462468036
58,-22.756510416666668,fp16,-23.12953462468036
59,-24.123604910714285,fp16,-23.12953462468036
60,-23.30316840277778,fp16,-23.12953462468036
61,-24.8546875,fp16,-23.12953462468036
62,-24.307105654761905,fp16,-23.12953462468036
63,-23.007421875,fp16,-23.12953462468036
64,-22.84867527173913,fp16,-23.12953462468036
65,-25.06240234375,fp16,-23.12953462468036
66,-22.22309027777778,fp16,-23.12953462468036
67,-23.670230263157894,fp16,-23.12953462468036
68,-22.0626953125,fp16,-23.12953462468036
69,-21.738606770833332,fp16,-23.12953462468036
70,-21.84313322368421,fp16,-23.12953462468036
71,-22.520647321428573,fp16,-23.12953462468036
72,-23.53817471590909,fp16,-23.12953462468036
73,-23.33375,fp16,-23.12953462468036
74,-23.8546875,fp16,-23.12953462468036
75,-23.54305752840909,fp16,-23.12953462468036
76,-22.06953125,fp16,-23.12953462468036
77,-23.749813988095237,fp16,-23.12953462468036
78,-22.701450892857142,fp16,-23.12953462468036
79,-23.383152173913043,fp16,-23.12953462468036
80,-22.523951480263158,fp16,-23.12953462468036
81,-22.48818359375,fp16,-23.12953462468036
82,-23.7826171875,fp16,-23.12953462468036
83,-24.77109375,fp16,-23.12953462468036
84,-22.05766369047619,fp16,-23.12953462468036
85,-23.890904017857142,fp16,-23.12953462468036
86,-22.452615489130434,fp16,-23.12953462468036
87,-22.2421875,fp16,-23.12953462468036
88,-22.537533967391305,fp16,-23.12953462468036
89,-23.047712053571427,fp16,-23.12953462468036
90,-22.59476902173913,fp16,-23.12953462468036
91,-22.412574404761905,fp16,-23.12953462468036
92,-21.694498697916668,fp16,-23.12953462468036
93,-23.15296875,fp16,-23.12953462468036
94,-24.901692708333332,fp16,-23.12953462468036
95,-25.0784375,fp16,-23.12953462468036
96,-21.083984375,fp16,-23.12953462468036
97,-22.8373046875,fp16,-23.12953462468036
98,-24.5111083984375,fp16,-23.12953462468036
99,-22.131591796875,fp16,-23.12953462468036
100,-22.117265625,fp16,-23.12953462468036
101,-24.635091145833332,fp16,-23.12953462468036
102,-22.691964285714285,fp16,-23.12953462468036
103,-22.881569602272727,fp16,-23.12953462468036
104,-22.92442908653846,fp16,-23.12953462468036
105,-23.838600852272727,fp16,-23.12953462468036
106,-24.00439453125,fp16,-23.12953462468036
107,-24.709517045454547,fp16,-23.12953462468036
108,-21.2900390625,fp16,-23.12953462468036
109,-23.176313920454547,fp16,-23.12953462468036
110,-23.554268973214285,fp16,-23.12953462468036
111,-23.411640625,fp16,-23.12953462468036
112,-23.831194196428573,fp16,-23.12953462468036
113,-24.249627976190474,fp16,-23.12953462468036
114,-23.4146484375,fp16,-23.12953462468036
115,-24.950303819444443,fp16,-23.12953462468036
116,-23.780740489130434,fp16,-23.12953462468036
117,-24.770345052083332,fp16,-23.12953462468036
118,-24.622532894736842,fp16,-23.12953462468036
119,-21.766015625,fp16,-23.12953462468036
120,-23.979048295454547,fp16,-23.12953462468036
121,-22.851222826086957,fp16,-23.12953462468036
122,-23.004261363636363,fp16,-23.12953462468036
123,-23.845880681818183,fp16,-23.12953462468036
124,-24.0946875,fp16,-23.12953462468036
125,-21.760044642857142,fp16,-23.12953462468036
126,-22.482935855263158,fp16,-23.12953462468036
127,-23.12376644736842,fp16,-23.12953462468036
128,-22.47626953125,fp16,-23.12953462468036
129,-24.253069196428573,fp16,-23.12953462468036
130,-21.86548913043478,fp16,-23.12953462468036
131,-22.994419642857142,fp16,-23.12953462468036
132,-24.835731907894736,fp16,-23.12953462468036
133,-23.798084077380953,fp16,-23.12953462468036
134,-23.62109375,fp16,-23.12953462468036
135,-23.198079427083332,fp16,-23.12953462468036
136,-20.616654829545453,fp16,-23.12953462468036
137,-22.973741319444443,fp16,-23.12953462468036
138,-22.8455078125,fp16,-23.12953462468036
139,-21.208984375,fp16,-23.12953462468036
140,-23.610814144736842,fp16,-23.12953462468036
141,-22.990439967105264,fp16,-23.12953462468036
142,-23.242542613636363,fp16,-23.12953462468036
143,-23.8446875,fp16,-23.12953462468036
144,-23.8341796875,fp16,-23.12953462468036
145,-22.661024305555557,fp16,-23.12953462468036
146,-24.91259765625,fp16,-23.12953462468036
147,-25.091441761363637,fp16,-23.12953462468036
148,-22.44390625,fp16,-23.12953462468036
149,-21.826622596153847,fp16,-23.12953462468036
150,-23.6521484375,fp16,-23.12953462468036
151,-25.046875,fp16,-23.12953462468036
152,-24.1134765625,fp16,-23.12953462468036
153,-24.376953125,fp16,-23.12953462468036
154,-23.695652173913043,fp16,-23.12953462468036
155,-22.533558238636363,fp16,-23.12953462468036
156,-22.19310461956522,fp16,-23.12953462468036
157,-23.23055752840909,fp16,-23.12953462468036
158,-21.787272135416668,fp16,-23.12953462468036
159,-23.063802083333332,fp16,-23.12953462468036
160,-22.52014802631579,fp16,-23.12953462468036
161,-23.13548519736842,fp16,-23.12953462468036
162,-22.282335069444443,fp16,-23.12953462468036
163,-24.051700367647058,fp16,-23.12953462468036
164,-22.428653492647058,fp16,-23.12953462468036
165,-21.633277529761905,fp16,-23.12953462468036
166,-21.722301136363637,fp16,-23.12953462468036
167,-22.678515625,fp16,-23.12953462468036
168,-24.270589192708332,fp16,-23.12953462468036
169,-21.224779211956523,fp16,-23.12953462468036
170,-22.23658288043478,fp16,-23.12953462468036
171,-23.585546875,fp16,-23.12953462468036
172,-22.10390625,fp16,-23.12953462468036
173,-22.8609375,fp16,-23.12953462468036
174,-22.52041903409091,fp16,-23.12953462468036
175,-23.605078125,fp16,-23.12953462468036
176,-22.6494140625,fp16,-23.12953462468036
177,-23.083984375,fp16,-23.12953462468036
178,-23.298023897058822,fp16,-23.12953462468036
179,-22.925537109375,fp16,-23.12953462468036
180,-24.386896306818183,fp16,-23.12953462468036
181,-23.1875,fp16,-23.12953462468036
182,-24.108664772727273,fp16,-23.12953462468036
183,-23.5189453125,fp16,-23.12953462468036
184,-21.221413352272727,fp16,-23.12953462468036
185,-21.826793323863637,fp16,-23.12953462468036
186,-23.590183423913043,fp16,-23.12953462468036
187,-25.1640625,fp16,-23.12953462468036
188,-24.243963068181817,fp16,-23.12953462468036
189,-21.629324776785715,fp16,-23.12953462468036
190,-22.77763671875,fp16,-23.12953462468036
191,-24.649816176470587,fp16,-23.12953462468036
192,-21.904761904761905,fp16,-23.12953462468036
193,-24.07315340909091,fp16,-23.12953462468036
194,-22.18923611111111,fp16,-23.12953462468036
195,-23.998224431818183,fp16,-23.12953462468036
196,-24.84130859375,fp16,-23.12953462468036
197,-23.8611328125,fp16,-23.12953462468036
198,-24.2859375,fp16,-23.12953462468036
199,-22.99560546875,fp16,-23.12953462468036
200,-21.718936011904763,fp16,-23.12953462468036
201,-24.804243607954547,fp16,-23.12953462468036
202,-21.665852864583332,fp16,-23.12953462468036
203,-22.42094494047619,fp16,-23.12953462468036
204,-22.406640625,fp16,-23.12953462468036
205,-23.394301470588236,fp16,-23.12953462468036
206,-21.038651315789473,fp16,-23.12953462468036
207,-23.133984375,fp16,-23.12953462468036
208,-22.90029761904762,fp16,-23.12953462468036
209,-24.01953125,fp16,-23.12953462468036
210,-22.282877604166668,fp16,-23.12953462468036
211,-23.89501953125,fp16,-23.12953462468036
212,-22.0388671875,fp16,-23.12953462468036
213,-23.0787109375,fp16,-23.12953462468036
214,-21.459798177083332,fp16,-23.12953462468036
215,-23.62890625,fp16,-23.12953462468036
216,-22.412760416666668,fp16,-23.12953462468036
217,-23.883370535714285,fp16,-23.12953462468036
218,-24.711123511904763,fp16,-23.12953462468036
219,-23.774338942307693,fp16,-23.12953462468036
220,-21.748046875,fp16,-23.12953462468036
221,-21.667805989583332,fp16,-23.12953462468036
222,-22.423549107142858,fp16,-23.12953462468036
223,-24.64782072368421,fp16,-23.12953462468036
224,-21.092041015625,fp16,-23.12953462468036
225,-24.470133463541668,fp16,-23.12953462468036
226,-23.19704861111111,fp16,-23.12953462468036
227,-23.620738636363637,fp16,-23.12953462468036
228,-21.929361979166668,fp16,-23.12953462468036
229,-24.162295386904763,fp16,-23.12953462468036
230,-23.626420454545453,fp16,-23.12953462468036
231,-24.23135653409091,fp16,-23.12953462468036
232,-22.863103693181817,fp16,-23.12953462468036
233,-23.623757102272727,fp16,-23.12953462468036
234,-22.916666666666668,fp16,-23.12953462468036
235,-22.860956101190474,fp16,-23.12953462468036
236,-22.696691176470587,fp16,-23.12953462468036
237,-23.242373511904763,fp16,-23.12953462468036
238,-21.74893465909091,fp16,-23.12953462468036
239,-22.047407670454547,fp16,-23.12953462468036
240,-24.40579044117647,fp16,-23.12953462468036
241,-24.94775390625,fp16,-23.12953462468036
242,-22.98046875,fp16,-23.12953462468036
243,-24.096953125,fp16,-23.12953462468036
244,-23.425409226190474,fp16,-23.12953462468036
245,-25.10947265625,fp16,-23.12953462468036
246,-23.724917763157894,fp16,-23.12953462468036
247,-23.3751953125,fp16,-23.12953462468036
248,-22.631167763157894,fp16,-23.12953462468036
249,-22.724779211956523,fp16,-23.12953462468036
250,-21.569123641304348,fp16,-23.12953462468036
251,-22.895572916666666,fp16,-23.12953462468036
252,-23.332256610576923,fp16,-23.12953462468036
253,-22.955647786458332,fp16,-23.12953462468036
254,-22.483695652173914,fp16,-23.12953462468036
255,-22.988199869791668,fp16,-23.12953462468036
256,-21.567157451923077,fp16,-23.12953462468036
257,-23.544157608695652,fp16,-23.12953462468036
258,-22.58912417763158,fp16,-23.12953462468036
259,-22.357421875,fp16,-23.12953462468036
260,-24.948190789473685,fp16,-23.12953462468036
261,-23.711328125,fp16,-23.12953462468036
262,-23.99796195652174,fp16,-23.12953462468036
263,-22.376627604166668,fp16,-23.12953462468036
264,-23.242542613636363,fp16,-23.12953462468036
265,-23.136363636363637,fp16,-23.12953462468036
266,-20.195763221153847,fp16,-23.12953462468036
267,-21.64424189814815,fp16,-23.12953462468036
268,-24.073539402173914,fp16,-23.12953462468036
269,-23.14716796875,fp16,-23.12953462468036
270,-21.82890625,fp16,-23.12953462468036
271,-21.9909375,fp16,-23.12953462468036
272,-23.6142578125,fp16,-23.12953462468036
273,-23.90709918478261,fp16,-23.12953462468036
274,-24.655894886363637,fp16,-23.12953462468036
275,-23.138363486842106,fp16,-23.12953462468036
276,-22.551171875,fp16,-23.12953462468036
277,-24.183182565789473,fp16,-23.12953462468036
278,-22.856380208333334,fp16,-23.12953462468036
279,-22.81884765625,fp16,-23.12953462468036
280,-24.29296875,fp16,-23.12953462468036
281,-23.918870192307693,fp16,-23.12953462468036
282,-23.1298828125,fp16,-23.12953462468036
283,-23.58504971590909,fp16,-23.12953462468036
284,-20.849609375,fp16,-23.12953462468036
285,-21.1446875,fp16,-23.12953462468036
286,-23.753580729166668,fp16,-23.12953462468036
287,-24.534342447916668,fp16,-23.12953462468036
288,-23.16636029411765,fp16,-23.12953462468036
289,-23.60464638157895,fp16,-23.12953462468036
290,-22.50173611111111,fp16,-23.12953462468036
291,-23.203776041666668,fp16,-23.12953462468036
292,-22.91708096590909,fp16,-23.12953462468036
293,-22.726207386363637,fp16,-23.12953462468036
294,-22.885579427083332,fp16,-23.12953462468036
295,-23.2178125,fp16,-23.12953462468036
296,-20.535528273809526,fp16,-23.12953462468036
297,-23.04893092105263,fp16,-23.12953462468036
298,-20.88586956521739,fp16,-23.12953462468036
299,-22.575407608695652,fp16,-23.12953462468036
300,-22.7265625,fp16,-23.12953462468036
301,-23.58899456521739,fp16,-23.12953462468036
302,-23.5611328125,fp16,-23.12953462468036
303,-22.6787109375,fp16,-23.12953462468036
304,-22.40399639423077,fp16,-23.12953462468036
305,-22.380940755208332,fp16,-23.12953462468036
306,-22.152573529411764,fp16,-23.12953462468036
307,-23.11181640625,fp16,-23.12953462468036
308,-22.28063322368421,fp16,-23.12953462468036
309,-23.559283088235293,fp16,-23.12953462468036
310,-22.59950657894737,fp16,-23.12953462468036
311,-24.114524147727273,fp16,-23.12953462468036
312,-24.06338778409091,fp16,-23.12953462468036
313,-24.099981398809526,fp16,-23.12953462468036
314,-22.37421875,fp16,-23.12953462468036
315,-22.82510653409091,fp16,-23.12953462468036
316,-21.363095238095237,fp16,-23.12953462468036
317,-22.821340460526315,fp16,-23.12953462468036
318,-22.6263671875,fp16,-23.12953462468036
319,-24.527521306818183,fp16,-23.12953462468036
320,-23.287819602272727,fp16,-23.12953462468036
321,-23.90420386904762,fp16,-23.12953462468036
322,-23.142400568181817,fp16,-23.12953462468036
323,-24.2544921875,fp16,-23.12953462468036
324,-21.554509943181817,fp16,-23.12953462468036
325,-22.300958806818183,fp16,-23.12953462468036
326,-22.2857421875,fp16,-23.12953462468036
327,-23.535546875,fp16,-23.12953462468036
328,-21.32894736842105,fp16,-23.12953462468036
329,-23.62314967105263,fp16,-23.12953462468036
330,-24.9345703125,fp16,-23.12953462468036
331,-25.563151041666668,fp16,-23.12953462468036
332,-21.758984375,fp16,-23.12953462468036
333,-22.968060661764707,fp16,-23.12953462468036
334,-24.02445652173913,fp16,-23.12953462468036
335,-24.816583806818183,fp16,-23.12953462468036
336,-23.55673363095238,fp16,-23.12953462468036
337,-21.677734375,fp16,-23.12953462468036
338,-23.5857421875,fp16,-23.12953462468036
339,-22.516036184210527,fp16,-23.12953462468036
340,-22.4034375,fp16,-23.12953462468036
341,-23.9303125,fp16,-23.12953462468036
342,-23.635044642857142,fp16,-23.12953462468036
343,-21.740056818181817,fp16,-23.12953462468036
344,-23.363141741071427,fp16,-23.12953462468036
345,-24.604890046296298,fp16,-23.12953462468036
346,-22.77007004310345,fp16,-23.12953462468036
347,-22.535026041666665,fp16,-23.12953462468036
348,-21.12584918478261,fp16,-23.12953462468036
349,-23.30341796875,fp16,-23.12953462468036
350,-22.826099537037038,fp16,-23.12953462468036
351,-24.397298177083332,fp16,-23.12953462468036
352,-21.061011904761905,fp16,-23.12953462468036
353,-22.072544642857142,fp16,-23.12953462468036
354,-22.26708984375,fp16,-23.12953462468036
355,-23.111735026041668,fp16,-23.12953462468036
356,-23.313671875,fp16,-23.12953462468036
357,-22.43793402777778,fp16,-23.12953462468036
358,-23.97554347826087,fp16,-23.12953462468036
359,-22.925037202380953,fp16,-23.12953462468036
360,-22.8154296875,fp16,-23.12953462468036
361,-24.36904761904762,fp16,-23.12953462468036
362,-22.49524456521739,fp16,-23.12953462468036
363,-23.228693181818183,fp16,-23.12953462468036
364,-23.331875,fp16,-23.12953462468036
365,-23.718410326086957,fp16,-23.12953462468036
366,-23.3984375,fp16,-23.12953462468036
367,-23.3263671875,fp16,-23.12953462468036
368,-23.178498641304348,fp16,-23.12953462468036
369,-22.614639945652176,fp16,-23.12953462468036
370,-22.99112215909091,fp16,-23.12953462468036
371,-23.873046875,fp16,-23.12953462468036
372,-22.81351273148148,fp16,-23.12953462468036
373,-23.090625,fp16,-23.12953462468036
374,-23.48553240740741,fp16,-23.12953462468036
375,-25.277762276785715,fp16,-23.12953462468036
376,-22.995174632352942,fp16,-23.12953462468036
377,-21.66714638157895,fp16,-23.12953462468036
378,-23.4012451171875,fp16,-23.12953462468036
379,-22.77294921875,fp16,-23.12953462468036
380,-24.322574013157894,fp16,-23.12953462468036
381,-23.333426339285715,fp16,-23.12953462468036
382,-21.922200520833332,fp16,-23.12953462468036
383,-21.04517663043478,fp16,-23.12953462468036
384,-23.2525,fp16,-23.12953462468036
385,-24.503534226190474,fp16,-23.12953462468036
386,-23.831659226190474,fp16,-23.12953462468036
387,-22.95692845394737,fp16,-23.12953462468036
388,-24.4040625,fp16,-23.12953462468036
389,-23.03759765625,fp16,-23.12953462468036
390,-22.0384765625,fp16,-23.12953462468036
391,-23.237630208333332,fp16,-23.12953462468036
392,-22.4302734375,fp16,-23.12953462468036
393,-23.683799342105264,fp16,-23.12953462468036
394,-23.23231907894737,fp16,-23.12953462468036
395,-25.12890625,fp16,-23.12953462468036
0,-24.921595982142858,8bit,-22.99931007299918
1,-24.726356907894736,8bit,-22.99931007299918
2,-22.46506076388889,8bit,-22.99931007299918
3,-22.742393092105264,8bit,-22.99931007299918
4,-23.614095052083332,8bit,-22.99931007299918
5,-24.718005952380953,8bit,-22.99931007299918
6,-22.61640625,8bit,-22.99931007299918
7,-22.727783203125,8bit,-22.99931007299918
8,-23.886881510416668,8bit,-22.99931007299918
9,-23.017578125,8bit,-22.99931007299918
10,-22.349772135416668,8bit,-22.99931007299918
11,-24.701822916666668,8bit,-22.99931007299918
12,-22.27157738095238,8bit,-22.99931007299918
13,-22.0029296875,8bit,-22.99931007299918
14,-21.402157738095237,8bit,-22.99931007299918
15,-21.95734375,8bit,-22.99931007299918
16,-23.000186011904763,8bit,-22.99931007299918
17,-24.6810546875,8bit,-22.99931007299918
18,-23.052897135416668,8bit,-22.99931007299918
19,-23.570652173913043,8bit,-22.99931007299918
20,-23.32120028409091,8bit,-22.99931007299918
21,-22.19953125,8bit,-22.99931007299918
22,-24.864309210526315,8bit,-22.99931007299918
23,-24.352647569444443,8bit,-22.99931007299918
24,-22.05163043478261,8bit,-22.99931007299918
25,-22.803444602272727,8bit,-22.99931007299918
26,-21.673677884615383,8bit,-22.99931007299918
27,-22.645228794642858,8bit,-22.99931007299918
28,-24.041666666666668,8bit,-22.99931007299918
29,-23.858347039473685,8bit,-22.99931007299918
30,-20.599283854166668,8bit,-22.99931007299918
31,-23.296535326086957,8bit,-22.99931007299918
32,-23.267578125,8bit,-22.99931007299918
33,-23.03248355263158,8bit,-22.99931007299918
34,-22.580193014705884,8bit,-22.99931007299918
35,-23.23046875,8bit,-22.99931007299918
36,-22.869140625,8bit,-22.99931007299918
37,-23.684058779761905,8bit,-22.99931007299918
38,-23.24547697368421,8bit,-22.99931007299918
39,-24.018973214285715,8bit,-22.99931007299918
40,-22.701936141304348,8bit,-22.99931007299918
41,-23.236683238636363,8bit,-22.99931007299918
42,-25.4965625,8bit,-22.99931007299918
43,-25.0546875,8bit,-22.99931007299918
44,-23.147693452380953,8bit,-22.99931007299918
45,-22.499289772727273,8bit,-22.99931007299918
46,-23.090113146551722,8bit,-22.99931007299918
47,-23.223203125,8bit,-22.99931007299918
48,-22.781455592105264,8bit,-22.99931007299918
49,-23.549342105263158,8bit,-22.99931007299918
50,-21.160400390625,8bit,-22.99931007299918
51,-22.825520833333332,8bit,-22.99931007299918
52,-22.114524147727273,8bit,-22.99931007299918
53,-22.425958806818183,8bit,-22.99931007299918
54,-22.13179347826087,8bit,-22.99931007299918
55,-22.653053977272727,8bit,-22.99931007299918
56,-22.27989783653846,8bit,-22.99931007299918
57,-22.715169270833332,8bit,-22.99931007299918
58,-22.566034226190474,8bit,-22.99931007299918
59,-24.229352678571427,8bit,-22.99931007299918
60,-23.06879340277778,8bit,-22.99931007299918
61,-24.502734375,8bit,-22.99931007299918
62,-24.193824404761905,8bit,-22.99931007299918
63,-23.0724609375,8bit,-22.99931007299918
64,-22.580842391304348,8bit,-22.99931007299918
65,-24.91513671875,8bit,-22.99931007299918
66,-22.02517361111111,8bit,-22.99931007299918
67,-23.648848684210527,8bit,-22.99931007299918
68,-21.82578125,8bit,-22.99931007299918
69,-21.586100260416668,8bit,-22.99931007299918
70,-21.66591282894737,8bit,-22.99931007299918
71,-22.39546130952381,8bit,-22.99931007299918
72,-23.205610795454547,8bit,-22.99931007299918
73,-23.30703125,8bit,-22.99931007299918
74,-23.7078125,8bit,-22.99931007299918
75,-23.423473011363637,8bit,-22.99931007299918
76,-21.834375,8bit,-22.99931007299918
77,-23.493861607142858,8bit,-22.99931007299918
78,-22.59281994047619,8bit,-22.99931007299918
79,-23.223845108695652,8bit,-22.99931007299918
80,-22.479954769736842,8bit,-22.99931007299918
81,-22.35087890625,8bit,-22.99931007299918
82,-23.622265625,8bit,-22.99931007299918
83,-24.5294921875,8bit,-22.99931007299918
84,-21.886532738095237,8bit,-22.99931007299918
85,-23.606305803571427,8bit,-22.99931007299918
86,-22.278872282608695,8bit,-22.99931007299918
87,-21.779296875,8bit,-22.99931007299918
88,-22.24779211956522,8bit,-22.99931007299918
89,-22.730050223214285,8bit,-22.99931007299918
90,-22.45516304347826,8bit,-22.99931007299918
91,-22.387462797619047,8bit,-22.99931007299918
92,-21.626627604166668,8bit,-22.99931007299918
93,-23.03171875,8bit,-22.99931007299918
94,-24.804524739583332,8bit,-22.99931007299918
95,-24.93390625,8bit,-22.99931007299918
96,-20.885230654761905,8bit,-22.99931007299918
97,-22.7150390625,8bit,-22.99931007299918
98,-24.3858642578125,8bit,-22.99931007299918
99,-21.9091796875,8bit,-22.99931007299918
100,-21.883125,8bit,-22.99931007299918
101,-24.473958333333332,8bit,-22.99931007299918
102,-22.649553571428573,8bit,-22.99931007299918
103,-22.836292613636363,8bit,-22.99931007299918
104,-22.92247596153846,8bit,-22.99931007299918
105,-23.62784090909091,8bit,-22.99931007299918
106,-23.760416666666668,8bit,-22.99931007299918
107,-24.6591796875,8bit,-22.99931007299918
108,-21.2556640625,8bit,-22.99931007299918
109,-23.13174715909091,8bit,-22.99931007299918
110,-23.546037946428573,8bit,-22.99931007299918
111,-23.3096875,8bit,-22.99931007299918
112,-23.645647321428573,8bit,-22.99931007299918
113,-24.209449404761905,8bit,-22.99931007299918
114,-23.43046875,8bit,-22.99931007299918
115,-24.827473958333332,8bit,-22.99931007299918
116,-23.635360054347824,8bit,-22.99931007299918
117,-24.58349609375,8bit,-22.99931007299918
118,-24.4609375,8bit,-22.99931007299918
119,-21.66328125,8bit,-22.99931007299918
120,-23.980202414772727,8bit,-22.99931007299918
121,-22.719259510869566,8bit,-22.99931007299918
122,-22.47549715909091,8bit,-22.99931007299918
123,-23.641867897727273,8bit,-22.99931007299918
124,-23.7659375,8bit,-22.99931007299918
125,-21.609095982142858,8bit,-22.99931007299918
126,-22.275082236842106,8bit,-22.99931007299918
127,-23.04214638157895,8bit,-22.99931007299918
128,-22.24990234375,8bit,-22.99931007299918
129,-24.002232142857142,8bit,-22.99931007299918
130,-21.632982336956523,8bit,-22.99931007299918
131,-22.71586681547619,8bit,-22.99931007299918
132,-24.774465460526315,8bit,-22.99931007299918
133,-23.638950892857142,8bit,-22.99931007299918
134,-23.533668154761905,8bit,-22.99931007299918
135,-23.10498046875,8bit,-22.99931007299918
136,-20.43856534090909,8bit,-22.99931007299918
137,-22.82345920138889,8bit,-22.99931007299918
138,-22.62041015625,8bit,-22.99931007299918
139,-21.107954545454547,8bit,-22.99931007299918
140,-23.689967105263158,8bit,-22.99931007299918
141,-23.030324835526315,8bit,-22.99931007299918
142,-23.059836647727273,8bit,-22.99931007299918
143,-23.69515625,8bit,-22.99931007299918
144,-23.8693359375,8bit,-22.99931007299918
145,-22.46506076388889,8bit,-22.99931007299918
146,-24.769856770833332,8bit,-22.99931007299918
147,-25.006392045454547,8bit,-22.99931007299918
148,-22.34421875,8bit,-22.99931007299918
149,-21.550030048076923,8bit,-22.99931007299918
150,-23.4234375,8bit,-22.99931007299918
151,-24.9333984375,8bit,-22.99931007299918
152,-24.10078125,8bit,-22.99931007299918
153,-24.215215773809526,8bit,-22.99931007299918
154,-23.58695652173913,8bit,-22.99931007299918
155,-22.370916193181817,8bit,-22.99931007299918
156,-22.073029891304348,8bit,-22.99931007299918
157,-23.134144176136363,8bit,-22.99931007299918
158,-21.697916666666668,8bit,-22.99931007299918
159,-22.969029017857142,8bit,-22.99931007299918
160,-22.416529605263158,8bit,-22.99931007299918
161,-23.042763157894736,8bit,-22.99931007299918
162,-22.179361979166668,8bit,-22.99931007299918
163,-23.912224264705884,8bit,-22.99931007299918
164,-22.257123161764707,8bit,-22.99931007299918
165,-21.224609375,8bit,-22.99931007299918
166,-21.658203125,8bit,-22.99931007299918
167,-22.613671875,8bit,-22.99931007299918
168,-24.044596354166668,8bit,-22.99931007299918
169,-21.07982336956522,8bit,-22.99931007299918
170,-22.176970108695652,8bit,-22.99931007299918
171,-23.35,8bit,-22.99931007299918
172,-21.9552734375,8bit,-22.99931007299918
173,-22.6857421875,8bit,-22.99931007299918
174,-22.392755681818183,8bit,-22.99931007299918
175,-23.6853515625,8bit,-22.99931007299918
176,-22.4560546875,8bit,-22.99931007299918
177,-23.0537109375,8bit,-22.99931007299918
178,-23.203814338235293,8bit,-22.99931007299918
179,-22.8636474609375,8bit,-22.99931007299918
180,-24.37606534090909,8bit,-22.99931007299918
181,-22.964504076086957,8bit,-22.99931007299918
182,-23.946022727272727,8bit,-22.99931007299918
183,-23.2650390625,8bit,-22.99931007299918
184,-21.259765625,8bit,-22.99931007299918
185,-21.49698153409091,8bit,-22.99931007299918
186,-23.41694972826087,8bit,-22.99931007299918
187,-24.958629261363637,8bit,-22.99931007299918
188,-24.068536931818183,8bit,-22.99931007299918
189,-21.730887276785715,8bit,-22.99931007299918
190,-22.54072265625,8bit,-22.99931007299918
191,-24.428998161764707,8bit,-22.99931007299918
192,-21.892299107142858,8bit,-22.99931007299918
193,-24.046875,8bit,-22.99931007299918
194,-22.10177951388889,8bit,-22.99931007299918
195,-24.161487926136363,8bit,-22.99931007299918
196,-24.854654947916668,8bit,-22.99931007299918
197,-23.74560546875,8bit,-22.99931007299918
198,-24.2150390625,8bit,-22.99931007299918
199,-22.8986328125,8bit,-22.99931007299918
200,-21.453125,8bit,-22.99931007299918
201,-24.65340909090909,8bit,-22.99931007299918
202,-21.606770833333332,8bit,-22.99931007299918
203,-22.30859375,8bit,-22.99931007299918
204,-22.361328125,8bit,-22.99931007299918
205,-23.249770220588236,8bit,-22.99931007299918
206,-20.919613486842106,8bit,-22.99931007299918
207,-22.7755859375,8bit,-22.99931007299918
208,-22.825892857142858,8bit,-22.99931007299918
209,-23.842912946428573,8bit,-22.99931007299918
210,-22.157063802083332,8bit,-22.99931007299918
211,-23.7412109375,8bit,-22.99931007299918
212,-21.955078125,8bit,-22.99931007299918
213,-23.0849609375,8bit,-22.99931007299918
214,-21.292805989583332,8bit,-22.99931007299918
215,-23.1796875,8bit,-22.99931007299918
216,-22.43563988095238,8bit,-22.99931007299918
217,-23.941964285714285,8bit,-22.99931007299918
218,-24.651599702380953,8bit,-22.99931007299918
219,-23.52208533653846,8bit,-22.99931007299918
220,-21.750177556818183,8bit,-22.99931007299918
221,-21.542317708333332,8bit,-22.99931007299918
222,-22.484561011904763,8bit,-22.99931007299918
223,-24.537623355263158,8bit,-22.99931007299918
224,-20.934326171875,8bit,-22.99931007299918
225,-24.281575520833332,8bit,-22.99931007299918
226,-23.19379340277778,8bit,-22.99931007299918
227,-23.5771484375,8bit,-22.99931007299918
228,-21.5859375,8bit,-22.99931007299918
229,-23.819010416666668,8bit,-22.99931007299918
230,-23.462890625,8bit,-22.99931007299918
231,-24.333629261363637,8bit,-22.99931007299918
232,-22.91317471590909,8bit,-22.99931007299918
233,-23.498224431818183,8bit,-22.99931007299918
234,-22.864769345238095,8bit,-22.99931007299918
235,-22.667131696428573,8bit,-22.99931007299918
236,-22.582720588235293,8bit,-22.99931007299918
237,-23.04873511904762,8bit,-22.99931007299918
238,-21.644353693181817,8bit,-22.99931007299918
239,-21.894087357954547,8bit,-22.99931007299918
240,-24.371783088235293,8bit,-22.99931007299918
241,-24.856201171875,8bit,-22.99931007299918
242,-22.915660511363637,8bit,-22.99931007299918
243,-24.094609375,8bit,-22.99931007299918
244,-23.074032738095237,8bit,-22.99931007299918
245,-24.900390625,8bit,-22.99931007299918
246,-23.638980263157894,8bit,-22.99931007299918
247,-23.430859375,8bit,-22.99931007299918
248,-22.570106907894736,8bit,-22.99931007299918
249,-22.707540760869566,8bit,-22.99931007299918
250,-21.35767663043478,8bit,-22.99931007299918
251,-23.046614583333334,8bit,-22.99931007299918
252,-23.221454326923077,8bit,-22.99931007299918
253,-22.848388671875,8bit,-22.99931007299918
254,-22.475203804347824,8bit,-22.99931007299918
255,-22.95068359375,8bit,-22.99931007299918
256,-21.365084134615383,8bit,-22.99931007299918
257,-23.32252038043478,8bit,-22.99931007299918
258,-22.4609375,8bit,-22.99931007299918
259,-22.112571022727273,8bit,-22.99931007299918
260,-24.80797697368421,8bit,-22.99931007299918
261,-23.5771484375,8bit,-22.99931007299918
262,-23.90845788043478,8bit,-22.99931007299918
263,-22.06103515625,8bit,-22.99931007299918
264,-22.965642755681817,8bit,-22.99931007299918
265,-22.792169744318183,8bit,-22.99931007299918
266,-20.19471153846154,8bit,-22.99931007299918
267,-21.44184027777778,8bit,-22.99931007299918
268,-24.021059782608695,8bit,-22.99931007299918
269,-22.96318359375,8bit,-22.99931007299918
270,-21.56234375,8bit,-22.99931007299918
271,-21.79953125,8bit,-22.99931007299918
272,-23.3646484375,8bit,-22.99931007299918
273,-23.735563858695652,8bit,-22.99931007299918
274,-24.639914772727273,8bit,-22.99931007299918
275,-23.019325657894736,8bit,-22.99931007299918
276,-22.429296875,8bit,-22.99931007299918
277,-24.034950657894736,8bit,-22.99931007299918
278,-22.900390625,8bit,-22.99931007299918
279,-22.52587890625,8bit,-22.99931007299918
280,-24.061662946428573,8bit,-22.99931007299918
281,-23.76532451923077,8bit,-22.99931007299918
282,-23.01953125,8bit,-22.99931007299918
283,-23.427556818181817,8bit,-22.99931007299918
284,-20.64453125,8bit,-22.99931007299918
285,-20.7434375,8bit,-22.99931007299918
286,-23.539713541666668,8bit,-22.99931007299918
287,-24.556477864583332,8bit,-22.99931007299918
288,-22.934283088235293,8bit,-22.99931007299918
289,-23.435032894736842,8bit,-22.99931007299918
290,-22.22092013888889,8bit,-22.99931007299918
291,-22.824962797619047,8bit,-22.99931007299918
292,-22.787109375,8bit,-22.99931007299918
293,-22.560901988636363,8bit,-22.99931007299918
294,-22.782063802083332,8bit,-22.99931007299918
295,-23.219375,8bit,-22.99931007299918
296,-20.58389136904762,8bit,-22.99931007299918
297,-22.87171052631579,8bit,-22.99931007299918
298,-20.830502717391305,8bit,-22.99931007299918
299,-22.49813179347826,8bit,-22.99931007299918
300,-22.396158854166668,8bit,-22.99931007299918
301,-23.44038722826087,8bit,-22.99931007299918
302,-23.594921875,8bit,-22.99931007299918
303,-22.5884765625,8bit,-22.99931007299918
304,-22.43134014423077,8bit,-22.99931007299918
305,-22.246256510416668,8bit,-22.99931007299918
306,-22.0703125,8bit,-22.99931007299918
307,-22.9013671875,8bit,-22.99931007299918
308,-22.211143092105264,8bit,-22.99931007299918
309,-23.528722426470587,8bit,-22.99931007299918
310,-22.682565789473685,8bit,-22.99931007299918
311,-23.924360795454547,8bit,-22.99931007299918
312,-24.018110795454547,8bit,-22.99931007299918
313,-23.986514136904763,8bit,-22.99931007299918
314,-22.1435546875,8bit,-22.99931007299918
315,-22.77645596590909,8bit,-22.99931007299918
316,-21.340587797619047,8bit,-22.99931007299918
317,-22.888363486842106,8bit,-22.99931007299918
318,-22.6712890625,8bit,-22.99931007299918
319,-24.37393465909091,8bit,-22.99931007299918
320,-23.205078125,8bit,-22.99931007299918
321,-23.571428571428573,8bit,-22.99931007299918
322,-23.135475852272727,8bit,-22.99931007299918
323,-24.1951171875,8bit,-22.99931007299918
324,-21.40145596590909,8bit,-22.99931007299918
325,-22.205433238636363,8bit,-22.99931007299918
326,-22.2171875,8bit,-22.99931007299918
327,-23.4234375,8bit,-22.99931007299918
328,-21.117393092105264,8bit,-22.99931007299918
329,-23.592722039473685,8bit,-22.99931007299918
330,-24.887109375,8bit,-22.99931007299918
331,-25.62738715277778,8bit,-22.99931007299918
332,-21.4875,8bit,-22.99931007299918
333,-22.77493106617647,8bit,-22.99931007299918
334,-23.88977581521739,8bit,-22.99931007299918
335,-24.716441761363637,8bit,-22.99931007299918
336,-23.35649181547619,8bit,-22.99931007299918
337,-21.417436079545453,8bit,-22.99931007299918
338,-23.577734375,8bit,-22.99931007299918
339,-22.51439144736842,8bit,-22.99931007299918
340,-22.28984375,8bit,-22.99931007299918
341,-23.833671875,8bit,-22.99931007299918
342,-23.518973214285715,8bit,-22.99931007299918
343,-21.44620028409091,8bit,-22.99931007299918
344,-23.326171875,8bit,-22.99931007299918
345,-24.45457175925926,8bit,-22.99931007299918
346,-22.418911637931036,8bit,-22.99931007299918
347,-22.395052083333333,8bit,-22.99931007299918
348,-20.99915081521739,8bit,-22.99931007299918
349,-23.1630859375,8bit,-22.99931007299918
350,-22.53009259259259,8bit,-22.99931007299918
351,-24.313232421875,8bit,-22.99931007299918
352,-21.068824404761905,8bit,-22.99931007299918
353,-22.040364583333332,8bit,-22.99931007299918
354,-22.169270833333332,8bit,-22.99931007299918
355,-22.952555338541668,8bit,-22.99931007299918
356,-23.2072265625,8bit,-22.99931007299918
357,-22.469401041666668,8bit,-22.99931007299918
358,-23.941236413043477,8bit,-22.99931007299918
359,-22.968936011904763,8bit,-22.99931007299918
360,-22.770345052083332,8bit,-22.99931007299918
361,-24.274553571428573,8bit,-22.99931007299918
362,-22.49813179347826,8bit,-22.99931007299918
363,-23.172407670454547,8bit,-22.99931007299918
364,-23.190625,8bit,-22.99931007299918
365,-23.680876358695652,8bit,-22.99931007299918
366,-23.27126736111111,8bit,-22.99931007299918
367,-23.22890625,8bit,-22.99931007299918
368,-22.94633152173913,8bit,-22.99931007299918
369,-22.468580163043477,8bit,-22.99931007299918
370,-22.855291193181817,8bit,-22.99931007299918
371,-23.734552556818183,8bit,-22.99931007299918
372,-22.734519675925927,8bit,-22.99931007299918
373,-22.96515625,8bit,-22.99931007299918
374,-23.333912037037038,8bit,-22.99931007299918
375,-25.065011160714285,8bit,-22.99931007299918
376,-23.03515625,8bit,-22.99931007299918
377,-21.542557565789473,8bit,-22.99931007299918
378,-23.38525390625,8bit,-22.99931007299918
379,-22.70263671875,8bit,-22.99931007299918
380,-24.31044407894737,8bit,-22.99931007299918
381,-23.25688244047619,8bit,-22.99931007299918
382,-21.772135416666668,8bit,-22.99931007299918
383,-20.939877717391305,8bit,-22.99931007299918
384,-23.34265625,8bit,-22.99931007299918
385,-24.51264880952381,8bit,-22.99931007299918
386,-23.613839285714285,8bit,-22.99931007299918
387,-22.807565789473685,8bit,-22.99931007299918
388,-24.2978125,8bit,-22.99931007299918
389,-22.82666015625,8bit,-22.99931007299918
390,-21.8154296875,8bit,-22.99931007299918
391,-22.853515625,8bit,-22.99931007299918
392,-22.2212890625,8bit,-22.99931007299918
393,-23.548416940789473,8bit,-22.99931007299918
394,-23.218544407894736,8bit,-22.99931007299918
395,-25.0162109375,8bit,-22.99931007299918
0,-21.105282738095237,4bit,-19.44277550590425
1,-20.622738486842106,4bit,-19.44277550590425
2,-17.424479166666668,4bit,-19.44277550590425
3,-17.173519736842106,4bit,-19.44277550590425
4,-19.806640625,4bit,-19.44277550590425
5,-19.97061011904762,4bit,-19.44277550590425
6,-17.06953125,4bit,-19.44277550590425
7,-19.660888671875,4bit,-19.44277550590425
8,-20.0625,4bit,-19.44277550590425
9,-19.9931640625,4bit,-19.44277550590425
10,-18.7060546875,4bit,-19.44277550590425
11,-19.464285714285715,4bit,-19.44277550590425
12,-18.581287202380953,4bit,-19.44277550590425
13,-18.14151278409091,4bit,-19.44277550590425
14,-18.124627976190474,4bit,-19.44277550590425
15,-18.615625,4bit,-19.44277550590425
16,-19.816964285714285,4bit,-19.44277550590425
17,-21.356640625,4bit,-19.44277550590425
18,-20.5244140625,4bit,-19.44277550590425
19,-19.42578125,4bit,-19.44277550590425
20,-21.464666193181817,4bit,-19.44277550590425
21,-19.42171875,4bit,-19.44277550590425
22,-20.41467927631579,4bit,-19.44277550590425
23,-19.86349826388889,4bit,-19.44277550590425
24,-19.179177989130434,4bit,-19.44277550590425
25,-19.045454545454547,4bit,-19.44277550590425
26,-18.231370192307693,4bit,-19.44277550590425
27,-18.6572265625,4bit,-19.44277550590425
28,-19.95876736111111,4bit,-19.44277550590425
29,-20.26110197368421,4bit,-19.44277550590425
30,-17.912434895833332,4bit,-19.44277550590425
31,-19.77547554347826,4bit,-19.44277550590425
32,-19.318803267045453,4bit,-19.44277550590425
33,-18.28916529605263,4bit,-19.44277550590425
34,-18.488511029411764,4bit,-19.44277550590425
35,-19.40625,4bit,-19.44277550590425
36,-17.78134765625,4bit,-19.44277550590425
37,-18.66796875,4bit,-19.44277550590425
38,-19.12561677631579,4bit,-19.44277550590425
39,-18.850353422619047,4bit,-19.44277550590425
40,-19.30774456521739,4bit,-19.44277550590425
41,-19.097301136363637,4bit,-19.44277550590425
42,-20.935625,4bit,-19.44277550590425
43,-20.8503125,4bit,-19.44277550590425
44,-19.10063244047619,4bit,-19.44277550590425
45,-19.037109375,4bit,-19.44277550590425
46,-18.185883620689655,4bit,-19.44277550590425
47,-18.91625,4bit,-19.44277550590425
48,-19.66077302631579,4bit,-19.44277550590425
49,-19.119654605263158,4bit,-19.44277550590425
50,-17.6064453125,4bit,-19.44277550590425
51,-19.01860119047619,4bit,-19.44277550590425
52,-19.168501420454547,4bit,-19.44277550590425
53,-19.601740056818183,4bit,-19.44277550590425
54,-18.534476902173914,4bit,-19.44277550590425
55,-19.839311079545453,4bit,-19.44277550590425
56,-18.942908653846153,4bit,-19.44277550590425
57,-18.684407552083332,4bit,-19.44277550590425
58,-18.401041666666668,4bit,-19.44277550590425
59,-19.295386904761905,4bit,-19.44277550590425
60,-19.71137152777778,4bit,-19.44277550590425
61,-20.1728515625,4bit,-19.44277550590425
62,-20.56733630952381,4bit,-19.44277550590425
63,-19.7005859375,4bit,-19.44277550590425
64,-17.410835597826086,4bit,-19.44277550590425
65,-19.1046875,4bit,-19.44277550590425
66,-18.25,4bit,-19.44277550590425
67,-19.32730263157895,4bit,-19.44277550590425
68,-18.25078125,4bit,-19.44277550590425
69,-18.084147135416668,4bit,-19.44277550590425
70,-19.00061677631579,4bit,-19.44277550590425
71,-18.561383928571427,4bit,-19.44277550590425
72,-18.781960227272727,4bit,-19.44277550590425
73,-18.288828125,4bit,-19.44277550590425
74,-19.883984375,4bit,-19.44277550590425
75,-19.588600852272727,4bit,-19.44277550590425
76,-17.79828125,4bit,-19.44277550590425
77,-19.113095238095237,4bit,-19.44277550590425
78,-18.9609375,4bit,-19.44277550590425
79,-20.17085597826087,4bit,-19.44277550590425
80,-19.40563322368421,4bit,-19.44277550590425
81,-19.75478515625,4bit,-19.44277550590425
82,-19.4998046875,4bit,-19.44277550590425
83,-20.455078125,4bit,-19.44277550590425
84,-18.53999255952381,4bit,-19.44277550590425
85,-18.929315476190474,4bit,-19.44277550590425
86,-18.51732336956522,4bit,-19.44277550590425
87,-17.3564453125,4bit,-19.44277550590425
88,-19.54296875,4bit,-19.44277550590425
89,-18.674386160714285,4bit,-19.44277550590425
90,-18.547044836956523,4bit,-19.44277550590425
91,-18.807849702380953,4bit,-19.44277550590425
92,-17.860514322916668,4bit,-19.44277550590425
93,-19.2871875,4bit,-19.44277550590425
94,-21.31591796875,4bit,-19.44277550590425
95,-20.68078125,4bit,-19.44277550590425
96,-17.96875,4bit,-19.44277550590425
97,-18.80390625,4bit,-19.44277550590425
98,-19.410400390625,4bit,-19.44277550590425
99,-18.173828125,4bit,-19.44277550590425
100,-19.13046875,4bit,-19.44277550590425
101,-20.730794270833332,4bit,-19.44277550590425
102,-19.303780691964285,4bit,-19.44277550590425
103,-18.834339488636363,4bit,-19.44277550590425
104,-19.89423076923077,4bit,-19.44277550590425
105,-19.82723721590909,4bit,-19.44277550590425
106,-19.992350260416668,4bit,-19.44277550590425
107,-21.178267045454547,4bit,-19.44277550590425
108,-17.66015625,4bit,-19.44277550590425
109,-19.445667613636363,4bit,-19.44277550590425
110,-19.597377232142858,4bit,-19.44277550590425
111,-19.41484375,4bit,-19.44277550590425
112,-19.446056547619047,4bit,-19.44277550590425
113,-20.553013392857142,4bit,-19.44277550590425
114,-19.09453125,4bit,-19.44277550590425
115,-19.86273871527778,4bit,-19.44277550590425
116,-18.914402173913043,4bit,-19.44277550590425
117,-20.515950520833332,4bit,-19.44277550590425
118,-20.843955592105264,4bit,-19.44277550590425
119,-18.319140625,4bit,-19.44277550590425
120,-19.749467329545453,4bit,-19.44277550590425
121,-20.029721467391305,4bit,-19.44277550590425
122,-19.244318181818183,4bit,-19.44277550590425
123,-20.768288352272727,4bit,-19.44277550590425
124,-20.03046875,4bit,-19.44277550590425
125,-19.059012276785715,4bit,-19.44277550590425
126,-18.25904605263158,4bit,-19.44277550590425
127,-19.324527138157894,4bit,-19.44277550590425
128,-17.82978515625,4bit,-19.44277550590425
129,-19.289248511904763,4bit,-19.44277550590425
130,-18.40709918478261,4bit,-19.44277550590425
131,-18.981863839285715,4bit,-19.44277550590425
132,-20.64586759868421,4bit,-19.44277550590425
133,-19.023716517857142,4bit,-19.44277550590425
134,-20.152715773809526,4bit,-19.44277550590425
135,-20.204427083333332,4bit,-19.44277550590425
136,-16.46573153409091,4bit,-19.44277550590425
137,-19.748697916666668,4bit,-19.44277550590425
138,-19.576953125,4bit,-19.44277550590425
139,-18.147017045454547,4bit,-19.44277550590425
140,-20.13199013157895,4bit,-19.44277550590425
141,-18.37828947368421,4bit,-19.44277550590425
142,-19.929509943181817,4bit,-19.44277550590425
143,-19.9403125,4bit,-19.44277550590425
144,-20.7904296875,4bit,-19.44277550590425
145,-19.532118055555557,4bit,-19.44277550590425
146,-19.8056640625,4bit,-19.44277550590425
147,-20.708806818181817,4bit,-19.44277550590425
148,-18.339140625,4bit,-19.44277550590425
149,-18.63897235576923,4bit,-19.44277550590425
150,-20.49970703125,4bit,-19.44277550590425
151,-21.66357421875,4bit,-19.44277550590425
152,-21.1498046875,4bit,-19.44277550590425
153,-21.135974702380953,4bit,-19.44277550590425
154,-20.075407608695652,4bit,-19.44277550590425
155,-19.754261363636363,4bit,-19.44277550590425
156,-18.94242527173913,4bit,-19.44277550590425
157,-19.658158735795453,4bit,-19.44277550590425
158,-18.790690104166668,4bit,-19.44277550590425
159,-19.879650297619047,4bit,-19.44277550590425
160,-18.583059210526315,4bit,-19.44277550590425
161,-20.211143092105264,4bit,-19.44277550590425
162,-18.537760416666668,4bit,-19.44277550590425
163,-19.800896139705884,4bit,-19.44277550590425
164,-18.61948529411765,4bit,-19.44277550590425
165,-18.05654761904762,4bit,-19.44277550590425
166,-18.826171875,4bit,-19.44277550590425
167,-19.4236328125,4bit,-19.44277550590425
168,-21.077311197916668,4bit,-19.44277550590425
169,-19.218240489130434,4bit,-19.44277550590425
170,-18.79517663043478,4bit,-19.44277550590425
171,-18.50546875,4bit,-19.44277550590425
172,-18.7201171875,4bit,-19.44277550590425
173,-18.9783203125,4bit,-19.44277550590425
174,-20.114701704545453,4bit,-19.44277550590425
175,-20.7830078125,4bit,-19.44277550590425
176,-19.2404296875,4bit,-19.44277550590425
177,-18.87158203125,4bit,-19.44277550590425
178,-18.69577205882353,4bit,-19.44277550590425
179,-19.34619140625,4bit,-19.44277550590425
180,-20.47176846590909,4bit,-19.44277550590425
181,-20.013247282608695,4bit,-19.44277550590425
182,-20.75887784090909,4bit,-19.44277550590425
183,-19.573046875,4bit,-19.44277550590425
184,-18.378196022727273,4bit,-19.44277550590425
185,-17.122336647727273,4bit,-19.44277550590425
186,-19.202785326086957,4bit,-19.44277550590425
187,-19.705610795454547,4bit,-19.44277550590425
188,-20.870383522727273,4bit,-19.44277550590425
189,-18.364955357142858,4bit,-19.44277550590425
190,-19.0818359375,4bit,-19.44277550590425
191,-18.304572610294116,4bit,-19.44277550590425
192,-17.512090773809526,4bit,-19.44277550590425
193,-19.175248579545453,4bit,-19.44277550590425
194,-18.82465277777778,4bit,-19.44277550590425
195,-20.081676136363637,4bit,-19.44277550590425
196,-20.84423828125,4bit,-19.44277550590425
197,-20.31328125,4bit,-19.44277550590425
198,-20.1546875,4bit,-19.44277550590425
199,-19.9125,4bit,-19.44277550590425
200,-18.677455357142858,4bit,-19.44277550590425
201,-20.650035511363637,4bit,-19.44277550590425
202,-19.262044270833332,4bit,-19.44277550590425
203,-19.522693452380953,4bit,-19.44277550590425
204,-19.45703125,4bit,-19.44277550590425
205,-20.355238970588236,4bit,-19.44277550590425
206,-17.851973684210527,4bit,-19.44277550590425
207,-19.676171875,4bit,-19.44277550590425
208,-19.624813988095237,4bit,-19.44277550590425
209,-18.71298363095238,4bit,-19.44277550590425
210,-20.556477864583332,4bit,-19.44277550590425
211,-20.8484375,4bit,-19.44277550590425
212,-18.5611328125,4bit,-19.44277550590425
213,-18.64765625,4bit,-19.44277550590425
214,-18.43212890625,4bit,-19.44277550590425
215,-20.0810546875,4bit,-19.44277550590425
216,-19.978050595238095,4bit,-19.44277550590425
217,-19.901041666666668,4bit,-19.44277550590425
218,-20.72451636904762,4bit,-19.44277550590425
219,-20.200420673076923,4bit,-19.44277550590425
220,-18.762251420454547,4bit,-19.44277550590425
221,-18.462565104166668,4bit,-19.44277550590425
222,-18.799107142857142,4bit,-19.44277550590425
223,-20.86328125,4bit,-19.44277550590425
224,-17.98095703125,4bit,-19.44277550590425
225,-21.771484375,4bit,-19.44277550590425
226,-19.255208333333332,4bit,-19.44277550590425
227,-19.917347301136363,4bit,-19.44277550590425
228,-18.871256510416668,4bit,-19.44277550590425
229,-19.830729166666668,4bit,-19.44277550590425
230,-19.103693181818183,4bit,-19.44277550590425
231,-19.30078125,4bit,-19.44277550590425
232,-19.310901988636363,4bit,-19.44277550590425
233,-20.14169034090909,4bit,-19.44277550590425
234,-18.090029761904763,4bit,-19.44277550590425
235,-19.05952380952381,4bit,-19.44277550590425
236,-19.751378676470587,4bit,-19.44277550590425
237,-20.46670386904762,4bit,-19.44277550590425
238,-18.934836647727273,4bit,-19.44277550590425
239,-18.789861505681817,4bit,-19.44277550590425
240,-20.68979779411765,4bit,-19.44277550590425
241,-20.6796875,4bit,-19.44277550590425
242,-19.695490056818183,4bit,-19.44277550590425
243,-20.29203125,4bit,-19.44277550590425
244,-19.771205357142858,4bit,-19.44277550590425
245,-21.19658203125,4bit,-19.44277550590425
246,-20.22347861842105,4bit,-19.44277550590425
247,-20.90654296875,4bit,-19.44277550590425
248,-19.56167763157895,4bit,-19.44277550590425
249,-18.56844429347826,4bit,-19.44277550590425
250,-19.167289402173914,4bit,-19.44277550590425
251,-20.161458333333332,4bit,-19.44277550590425
252,-19.398587740384617,4bit,-19.44277550590425
253,-19.745442708333332,4bit,-19.44277550590425
254,-19.546705163043477,4bit,-19.44277550590425
255,-19.750162760416668,4bit,-19.44277550590425
256,-18.68810096153846,4bit,-19.44277550590425
257,-21.27428668478261,4bit,-19.44277550590425
258,-19.412623355263158,4bit,-19.44277550590425
259,-17.38565340909091,4bit,-19.44277550590425
260,-21.513157894736842,4bit,-19.44277550590425
261,-21.8560546875,4bit,-19.44277550590425
262,-20.690217391304348,4bit,-19.44277550590425
263,-18.43310546875,4bit,-19.44277550590425
264,-19.32919034090909,4bit,-19.44277550590425
265,-19.504616477272727,4bit,-19.44277550590425
266,-17.970703125,4bit,-19.44277550590425
267,-17.542896412037038,4bit,-19.44277550590425
268,-20.38077445652174,4bit,-19.44277550590425
269,-19.070703125,4bit,-19.44277550590425
270,-17.6078125,4bit,-19.44277550590425
271,-18.66234375,4bit,-19.44277550590425
272,-20.8482421875,4bit,-19.44277550590425
273,-20.51002038043478,4bit,-19.44277550590425
274,-21.637428977272727,4bit,-19.44277550590425
275,-18.31064967105263,4bit,-19.44277550590425
276,-19.0349609375,4bit,-19.44277550590425
277,-18.675986842105264,4bit,-19.44277550590425
278,-19.433854166666666,4bit,-19.44277550590425
279,-17.9111328125,4bit,-19.44277550590425
280,-21.370535714285715,4bit,-19.44277550590425
281,-20.87890625,4bit,-19.44277550590425
282,-20.658528645833332,4bit,-19.44277550590425
283,-21.223011363636363,4bit,-19.44277550590425
284,-17.446940104166668,4bit,-19.44277550590425
285,-18.13609375,4bit,-19.44277550590425
286,-19.716145833333332,4bit,-19.44277550590425
287,-20.733072916666668,4bit,-19.44277550590425
288,-19.3046875,4bit,-19.44277550590425
289,-18.992495888157894,4bit,-19.44277550590425
290,-18.698350694444443,4bit,-19.44277550590425
291,-19.308128720238095,4bit,-19.44277550590425
292,-19.521129261363637,4bit,-19.44277550590425
293,-18.273615056818183,4bit,-19.44277550590425
294,-19.7822265625,4bit,-19.44277550590425
295,-19.9084375,4bit,-19.44277550590425
296,-17.300967261904763,4bit,-19.44277550590425
297,-18.823910361842106,4bit,-19.44277550590425
298,-17.88468070652174,4bit,-19.44277550590425
299,-18.773097826086957,4bit,-19.44277550590425
300,-19.569498697916668,4bit,-19.44277550590425
301,-19.781674592391305,4bit,-19.44277550590425
302,-20.17724609375,4bit,-19.44277550590425
303,-19.2494140625,4bit,-19.44277550590425
304,-20.372596153846153,4bit,-19.44277550590425
305,-18.840901692708332,4bit,-19.44277550590425
306,-19.092830882352942,4bit,-19.44277550590425
307,-19.3851318359375,4bit,-19.44277550590425
308,-19.36204769736842,4bit,-19.44277550590425
309,-21.035386029411764,4bit,-19.44277550590425
310,-18.906044407894736,4bit,-19.44277550590425
311,-20.74520596590909,4bit,-19.44277550590425
312,-20.49715909090909,4bit,-19.44277550590425
313,-19.561104910714285,4bit,-19.44277550590425
314,-20.169140625,4bit,-19.44277550590425
315,-19.676313920454547,4bit,-19.44277550590425
316,-19.527901785714285,4bit,-19.44277550590425
317,-20.20713404605263,4bit,-19.44277550590425
318,-20.11044921875,4bit,-19.44277550590425
319,-22.76455965909091,4bit,-19.44277550590425
320,-20.009943181818183,4bit,-19.44277550590425
321,-18.840959821428573,4bit,-19.44277550590425
322,-20.645774147727273,4bit,-19.44277550590425
323,-21.38095703125,4bit,-19.44277550590425
324,-18.447887073863637,4bit,-19.44277550590425
325,-19.055308948863637,4bit,-19.44277550590425
326,-18.9283203125,4bit,-19.44277550590425
327,-20.8751953125,4bit,-19.44277550590425
328,-18.659950657894736,4bit,-19.44277550590425
329,-20.08912417763158,4bit,-19.44277550590425
330,-20.0171875,4bit,-19.44277550590425
331,-20.89236111111111,4bit,-19.44277550590425
332,-19.04296875,4bit,-19.44277550590425
333,-19.241498161764707,4bit,-19.44277550590425
334,-20.435122282608695,4bit,-19.44277550590425
335,-21.077769886363637,4bit,-19.44277550590425
336,-19.22563244047619,4bit,-19.44277550590425
337,-17.438032670454547,4bit,-19.44277550590425
338,-20.1802734375,4bit,-19.44277550590425
339,-19.021792763157894,4bit,-19.44277550590425
340,-19.37984375,4bit,-19.44277550590425
341,-20.7821875,4bit,-19.44277550590425
342,-19.772972470238095,4bit,-19.44277550590425
343,-19.066761363636363,4bit,-19.44277550590425
344,-18.767020089285715,4bit,-19.44277550590425
345,-20.24175347222222,4bit,-19.44277550590425
346,-20.043978987068964,4bit,-19.44277550590425
347,-19.348763020833335,4bit,-19.44277550590425
348,-17.497452445652176,4bit,-19.44277550590425
349,-19.444140625,4bit,-19.44277550590425
350,-19.375144675925927,4bit,-19.44277550590425
351,-20.55322265625,4bit,-19.44277550590425
352,-17.17875744047619,4bit,-19.44277550590425
353,-18.388950892857142,4bit,-19.44277550590425
354,-19.2666015625,4bit,-19.44277550590425
355,-20.680094401041668,4bit,-19.44277550590425
356,-19.5869140625,4bit,-19.44277550590425
357,-18.51150173611111,4bit,-19.44277550590425
358,-20.339504076086957,4bit,-19.44277550590425
359,-19.565662202380953,4bit,-19.44277550590425
360,-20.009765625,4bit,-19.44277550590425
361,-20.816220238095237,4bit,-19.44277550590425
362,-18.06063179347826,4bit,-19.44277550590425
363,-19.220525568181817,4bit,-19.44277550590425
364,-20.075625,4bit,-19.44277550590425
365,-19.512398097826086,4bit,-19.44277550590425
366,-20.602647569444443,4bit,-19.44277550590425
367,-20.406640625,4bit,-19.44277550590425
368,-20.018936820652176,4bit,-19.44277550590425
369,-18.635190217391305,4bit,-19.44277550590425
370,-19.384943181818183,4bit,-19.44277550590425
371,-19.87198153409091,4bit,-19.44277550590425
372,-20.51634837962963,4bit,-19.44277550590425
373,-19.46078125,4bit,-19.44277550590425
374,-20.101417824074073,4bit,-19.44277550590425
375,-21.410016741071427,4bit,-19.44277550590425
376,-20.821231617647058,4bit,-19.44277550590425
377,-18.89658717105263,4bit,-19.44277550590425
378,-19.8753662109375,4bit,-19.44277550590425
379,-20.156982421875,4bit,-19.44277550590425
380,-19.72964638157895,4bit,-19.44277550590425
381,-20.03999255952381,4bit,-19.44277550590425
382,-18.216959635416668,4bit,-19.44277550590425
383,-17.569802989130434,4bit,-19.44277550590425
384,-20.47703125,4bit,-19.44277550590425
385,-20.384114583333332,4bit,-19.44277550590425
386,-19.495349702380953,4bit,-19.44277550590425
387,-18.59488075657895,4bit,-19.44277550590425
388,-19.089609375,4bit,-19.44277550590425
389,-18.475748697916668,4bit,-19.44277550590425
390,-17.2826171875,4bit,-19.44277550590425
391,-17.14377170138889,4bit,-19.44277550590425
392,-19.083203125,4bit,-19.44277550590425
393,-20.561472039473685,4bit,-19.44277550590425
394,-18.804893092105264,4bit,-19.44277550590425
395,-21.6099609375,4bit,-19.44277550590425
0,-24.246219816662016,2bit,-25.01048785588482
1,-25.91896162535015,2bit,-25.01048785588482
2,-24.418286323547363,2bit,-25.01048785588482
3,-23.918915196468955,2bit,-25.01048785588482
4,-24.342683633168537,2bit,-25.01048785588482
5,-24.852769397553942,2bit,-25.01048785588482
6,-25.337773466110228,2bit,-25.01048785588482
7,-23.92537099123001,2bit,-25.01048785588482
8,-25.922928253809612,2bit,-25.01048785588482
9,-24.287612628936767,2bit,-25.01048785588482
10,-26.96061376730601,2bit,-25.01048785588482
11,-26.792298861912318,2bit,-25.01048785588482
12,-24.168830054146902,2bit,-25.01048785588482
13,-24.763276967135344,2bit,-25.01048785588482
14,-23.7204346429734,2bit,-25.01048785588482
15,-24.041159477233887,2bit,-25.01048785588482
16,-24.838916279020765,2bit,-25.01048785588482
17,-25.238897609710694,2bit,-25.01048785588482
18,-26.271090428034466,2bit,-25.01048785588482
19,-24.86651793770168,2bit,-25.01048785588482
20,-23.40528037331321,2bit,-25.01048785588482
21,-24.40680477142334,2bit,-25.01048785588482
22,-25.358221505817614,2bit,-25.01048785588482
23,-24.901747226715088,2bit,-25.01048785588482
24,-23.885899087657098,2bit,-25.01048785588482
25,-24.49774776805531,2bit,-25.01048785588482
26,-25.45718611203707,2bit,-25.01048785588482
27,-24.771646090916224,2bit,-25.01048785588482
28,-25.096582306755913,2bit,-25.01048785588482
29,-24.678250714352256,2bit,-25.01048785588482
30,-26.28343137105306,2bit,-25.01048785588482
31,-25.72956727898639,2bit,-25.01048785588482
32,-25.61935602534901,2bit,-25.01048785588482
33,-25.472847687570674,2bit,-25.01048785588482
34,-25.06362314785228,2bit,-25.01048785588482
35,-25.880492210388184,2bit,-25.01048785588482
36,-25.07887406349182,2bit,-25.01048785588482
37,-26.556000391642254,2bit,-25.01048785588482
38,-27.740999121414987,2bit,-25.01048785588482
39,-26.079644384838286,2bit,-25.01048785588482
40,-25.76710448057755,2bit,-25.01048785588482
41,-25.365477605299517,2bit,-25.01048785588482
42,-26.662254791259766,2bit,-25.01048785588482
43,-26.60164005279541,2bit,-25.01048785588482
44,-24.794681004115514,2bit,-25.01048785588482
45,-24.50028051029552,2bit,-25.01048785588482
46,-26.383354450094288,2bit,-25.01048785588482
47,-24.942279052734374,2bit,-25.01048785588482
48,-24.342021640978363,2bit,-25.01048785588482
49,-25.42214644582648,2bit,-25.01048785588482
50,-26.14080802599589,2bit,-25.01048785588482
51,-26.21677167075021,2bit,-25.01048785588482
52,-24.723197200081565,2bit,-25.01048785588482
53,-24.35659256848422,2bit,-25.01048785588482
54,-25.382663229237433,2bit,-25.01048785588482
55,-24.57181232625788,2bit,-25.01048785588482
56,-26.177421166346623,2bit,-25.01048785588482
57,-23.808047374089558,2bit,-25.01048785588482
58,-23.510271889822825,2bit,-25.01048785588482
59,-25.544923600696382,2bit,-25.01048785588482
60,-24.50106610192193,2bit,-25.01048785588482
61,-23.02516112327576,2bit,-25.01048785588482
62,-23.774403254191082,2bit,-25.01048785588482
63,-24.358252382278444,2bit,-25.01048785588482
64,-24.20864030589228,2bit,-25.01048785588482
65,-23.55818510055542,2bit,-25.01048785588482
66,-24.976353645324707,2bit,-25.01048785588482
67,-25.4794373763235,2bit,-25.01048785588482
68,-26.167087841033936,2bit,-25.01048785588482
69,-25.500777165095013,2bit,-25.01048785588482
70,-23.573727155986585,2bit,-25.01048785588482
71,-25.113628114972794,2bit,-25.01048785588482
72,-24.20499086380005,2bit,-25.01048785588482
73,-25.24648246765137,2bit,-25.01048785588482
74,-25.222611141204833,2bit,-25.01048785588482
75,-25.003159349614922,2bit,-25.01048785588482
76,-25.785429763793946,2bit,-25.01048785588482
77,-24.179460253034318,2bit,-25.01048785588482
78,-25.62145133245559,2bit,-25.01048785588482
79,-24.267514519069504,2bit,-25.01048785588482
80,-23.15528668855366,2bit,-25.01048785588482
81,-24.45035605430603,2bit,-25.01048785588482
82,-25.62131233215332,2bit,-25.01048785588482
83,-26.229843139648438,2bit,-25.01048785588482
84,-26.17683605920701,2bit,-25.01048785588482
85,-23.76615842183431,2bit,-25.01048785588482
86,-25.45572795038638,2bit,-25.01048785588482
87,-24.570416847864788,2bit,-25.01048785588482
88,-25.8285317213639,2bit,-25.01048785588482
89,-25.596676349639893,2bit,-25.01048785588482
90,-27.366215457086977,2bit,-25.01048785588482
91,-26.593903087434313,2bit,-25.01048785588482
92,-25.28726538022359,2bit,-25.01048785588482
93,-26.48182891845703,2bit,-25.01048785588482
94,-23.96641445159912,2bit,-25.01048785588482
95,-23.783590087890627,2bit,-25.01048785588482
96,-25.513644036792574,2bit,-25.01048785588482
97,-24.094016313552856,2bit,-25.01048785588482
98,-25.897716760635376,2bit,-25.01048785588482
99,-23.462781965732574,2bit,-25.01048785588482
100,-25.53164035797119,2bit,-25.01048785588482
101,-24.201050400733948,2bit,-25.01048785588482
102,-25.433351005826676,2bit,-25.01048785588482
103,-24.862356359308418,2bit,-25.01048785588482
104,-24.932000416975754,2bit,-25.01048785588482
105,-23.996207150545988,2bit,-25.01048785588482
106,-25.36062566439311,2bit,-25.01048785588482
107,-25.433818383650348,2bit,-25.01048785588482
108,-24.6156587600708,2bit,-25.01048785588482
109,-24.458502769470215,2bit,-25.01048785588482
110,-26.7591997555324,2bit,-25.01048785588482
111,-27.11932704925537,2bit,-25.01048785588482
112,-25.16567988622756,2bit,-25.01048785588482
113,-27.552881013779412,2bit,-25.01048785588482
114,-25.552398681640625,2bit,-25.01048785588482
115,-24.21241267522176,2bit,-25.01048785588482
116,-26.844962120056152,2bit,-25.01048785588482
117,-25.198224544525146,2bit,-25.01048785588482
118,-26.435685408742803,2bit,-25.01048785588482
119,-24.31131477355957,2bit,-25.01048785588482
120,-23.956259684129193,2bit,-25.01048785588482
121,-24.340820519820504,2bit,-25.01048785588482
122,-25.34780029817061,2bit,-25.01048785588482
123,-24.687064214186236,2bit,-25.01048785588482
124,-26.83757507324219,2bit,-25.01048785588482
125,-24.692881073270524,2bit,-25.01048785588482
126,-23.441616208929766,2bit,-25.01048785588482
127,-23.587212763334577,2bit,-25.01048785588482
128,-24.241546058654784,2bit,-25.01048785588482
129,-25.763710339864094,2bit,-25.01048785588482
130,-26.295356874880582,2bit,-25.01048785588482
131,-24.7729488554455,2bit,-25.01048785588482
132,-27.753221762807744,2bit,-25.01048785588482
133,-25.815473465692428,2bit,-25.01048785588482
134,-25.567998477390834,2bit,-25.01048785588482
135,-25.080965876579285,2bit,-25.01048785588482
136,-23.9094276861711,2bit,-25.01048785588482
137,-23.55722501542833,2bit,-25.01048785588482
138,-26.345214223861696,2bit,-25.01048785588482
139,-25.424242539839312,2bit,-25.01048785588482
140,-26.460101729945134,2bit,-25.01048785588482
141,-27.543045897232858,2bit,-25.01048785588482
142,-27.974557009610262,2bit,-25.01048785588482
143,-26.70905303955078,2bit,-25.01048785588482
144,-23.83737826347351,2bit,-25.01048785588482
145,-24.026778644985622,2bit,-25.01048785588482
146,-25.840099374453228,2bit,-25.01048785588482
147,-26.216430967504326,2bit,-25.01048785588482
148,-25.095799179077147,2bit,-25.01048785588482
149,-25.23607221016517,2bit,-25.01048785588482
150,-24.78382420539856,2bit,-25.01048785588482
151,-23.74274311065674,2bit,-25.01048785588482
152,-26.637369537353514,2bit,-25.01048785588482
153,-26.864189556666783,2bit,-25.01048785588482
154,-23.712062462516453,2bit,-25.01048785588482
155,-23.30783241445368,2bit,-25.01048785588482
156,-25.946367678434953,2bit,-25.01048785588482
157,-25.199879602952436,2bit,-25.01048785588482
158,-26.785188396771748,2bit,-25.01048785588482
159,-26.558214278448197,2bit,-25.01048785588482
160,-24.971040023000615,2bit,-25.01048785588482
161,-24.048257626985247,2bit,-25.01048785588482
162,-25.884074529012043,2bit,-25.01048785588482
163,-24.904171550975125,2bit,-25.01048785588482
164,-25.068607386420755,2bit,-25.01048785588482
165,-24.08612768990653,2bit,-25.01048785588482
166,-23.218967394395307,2bit,-25.01048785588482
167,-22.932799673080446,2bit,-25.01048785588482
168,-25.998498797416687,2bit,-25.01048785588482
169,-25.838265667790953,2bit,-25.01048785588482
170,-24.479628023893937,2bit,-25.01048785588482
171,-25.213958702087403,2bit,-25.01048785588482
172,-23.455728435516356,2bit,-25.01048785588482
173,-22.10994462966919,2bit,-25.01048785588482
174,-24.374745845794678,2bit,-25.01048785588482
175,-24.94890069961548,2bit,-25.01048785588482
176,-24.558822202682496,2bit,-25.01048785588482
177,-24.47851881980896,2bit,-25.01048785588482
178,-24.626847547643326,2bit,-25.01048785588482
179,-24.753449618816376,2bit,-25.01048785588482
180,-24.43574367869984,2bit,-25.01048785588482
181,-24.411195962325387,2bit,-25.01048785588482
182,-26.789733626625754,2bit,-25.01048785588482
183,-26.12980079650879,2bit,-25.01048785588482
184,-23.933883146806195,2bit,-25.01048785588482
185,-23.360961437225342,2bit,-25.01048785588482
186,-24.481903490812883,2bit,-25.01048785588482
187,-25.444282488389447,2bit,-25.01048785588482
188,-21.645751562985506,2bit,-25.01048785588482
189,-25.336571182523453,2bit,-25.01048785588482
190,-23.43427243232727,2bit,-25.01048785588482
191,-26.954567684846765,2bit,-25.01048785588482
192,-25.17278489612398,2bit,-25.01048785588482
193,-22.999005447734486,2bit,-25.01048785588482
194,-24.381461514366997,2bit,-25.01048785588482
195,-24.640168059955943,2bit,-25.01048785588482
196,-24.444308082262676,2bit,-25.01048785588482
197,-24.15098457336426,2bit,-25.01048785588482
198,-25.400801563262938,2bit,-25.01048785588482
199,-26.72608346939087,2bit,-25.01048785588482
200,-24.980227379571822,2bit,-25.01048785588482
201,-26.16324871236628,2bit,-25.01048785588482
202,-24.468483964602154,2bit,-25.01048785588482
203,-24.027618771507626,2bit,-25.01048785588482
204,-24.496913194656372,2bit,-25.01048785588482
205,-25.69507660585291,2bit,-25.01048785588482
206,-24.78489489304392,2bit,-25.01048785588482
207,-24.618987703323363,2bit,-25.01048785588482
208,-25.085567837669736,2bit,-25.01048785588482
209,-25.077530088878813,2bit,-25.01048785588482
210,-26.712100108464558,2bit,-25.01048785588482
211,-26.52267942428589,2bit,-25.01048785588482
212,-24.894828224182127,2bit,-25.01048785588482
213,-22.90825147628784,2bit,-25.01048785588482
214,-24.54385022322337,2bit,-25.01048785588482
215,-22.997700119018553,2bit,-25.01048785588482
216,-24.996817588806152,2bit,-25.01048785588482
217,-23.313585326785134,2bit,-25.01048785588482
218,-25.173460869562057,2bit,-25.01048785588482
219,-24.24931177726159,2bit,-25.01048785588482
220,-23.901844891634855,2bit,-25.01048785588482
221,-23.73815135161082,2bit,-25.01048785588482
222,-24.80160867600214,2bit,-25.01048785588482
223,-24.04523922267713,2bit,-25.01048785588482
224,-23.629807949066162,2bit,-25.01048785588482
225,-22.828299005826313,2bit,-25.01048785588482
226,-23.45038800769382,2bit,-25.01048785588482
227,-24.16310592131181,2bit,-25.01048785588482
228,-25.80658459663391,2bit,-25.01048785588482
229,-24.12341254098075,2bit,-25.01048785588482
230,-26.29983524842696,2bit,-25.01048785588482
231,-25.85579425638372,2bit,-25.01048785588482
232,-23.665769143538043,2bit,-25.01048785588482
233,-24.39635853333907,2bit,-25.01048785588482
234,-24.497316178821382,2bit,-25.01048785588482
235,-24.73712398892357,2bit,-25.01048785588482
236,-22.616534008699304,2bit,-25.01048785588482
237,-23.133939152672177,2bit,-25.01048785588482
238,-25.567114699970592,2bit,-25.01048785588482
239,-24.740780006755482,2bit,-25.01048785588482
240,-25.664041126475613,2bit,-25.01048785588482
241,-24.462123453617096,2bit,-25.01048785588482
242,-26.203269481658936,2bit,-25.01048785588482
243,-25.835217094421388,2bit,-25.01048785588482
244,-23.75315707070487,2bit,-25.01048785588482
245,-23.687754344940185,2bit,-25.01048785588482
246,-24.511302245290654,2bit,-25.01048785588482
247,-26.01392469406128,2bit,-25.01048785588482
248,-25.967120873300654,2bit,-25.01048785588482
249,-24.70332149837328,2bit,-25.01048785588482
250,-26.068824311961297,2bit,-25.01048785588482
251,-24.606421502431235,2bit,-25.01048785588482
252,-24.15253125704252,2bit,-25.01048785588482
253,-24.386969049771626,2bit,-25.01048785588482
254,-25.629873234292734,2bit,-25.01048785588482
255,-25.55628510316213,2bit,-25.01048785588482
256,-27.363508921403152,2bit,-25.01048785588482
257,-26.26502227783203,2bit,-25.01048785588482
258,-26.32735478250604,2bit,-25.01048785588482
259,-25.69455658305775,2bit,-25.01048785588482
260,-22.73648829209177,2bit,-25.01048785588482
261,-22.89161229133606,2bit,-25.01048785588482
262,-25.285815736521844,2bit,-25.01048785588482
263,-26.083955605824787,2bit,-25.01048785588482
264,-24.284199194474652,2bit,-25.01048785588482
265,-23.758159377358176,2bit,-25.01048785588482
266,-24.50976738562951,2bit,-25.01048785588482
267,-25.088968241656268,2bit,-25.01048785588482
268,-26.102393357650094,2bit,-25.01048785588482
269,-25.597367572784425,2bit,-25.01048785588482
270,-25.39510051727295,2bit,-25.01048785588482
271,-25.674708633422853,2bit,-25.01048785588482
272,-23.86563448905945,2bit,-25.01048785588482
273,-22.891633075216543,2bit,-25.01048785588482
274,-24.057442925193094,2bit,-25.01048785588482
275,-23.414138492785003,2bit,-25.01048785588482
276,-26.166280698776244,2bit,-25.01048785588482
277,-24.68966709940057,2bit,-25.01048785588482
278,-26.596008173624675,2bit,-25.01048785588482
279,-24.006106972694397,2bit,-25.01048785588482
280,-26.375888109207153,2bit,-25.01048785588482
281,-24.878234533163216,2bit,-25.01048785588482
282,-23.59921085834503,2bit,-25.01048785588482
283,-22.968608596108176,2bit,-25.01048785588482
284,-24.197229901949566,2bit,-25.01048785588482
285,-23.50504467010498,2bit,-25.01048785588482
286,-27.18605899810791,2bit,-25.01048785588482
287,-26.629102269808453,2bit,-25.01048785588482
288,-25.85290179533117,2bit,-25.01048785588482
289,-24.606756109940378,2bit,-25.01048785588482
290,-25.61071385277642,2bit,-25.01048785588482
291,-24.400177274431503,2bit,-25.01048785588482
292,-24.867241686040703,2bit,-25.01048785588482
293,-26.000581177798185,2bit,-25.01048785588482
294,-26.567964792251587,2bit,-25.01048785588482
295,-27.002398376464843,2bit,-25.01048785588482
296,-26.8271328608195,2bit,-25.01048785588482
297,-26.76525929099635,2bit,-25.01048785588482
298,-24.04487016926641,2bit,-25.01048785588482
299,-25.486428012018617,2bit,-25.01048785588482
300,-25.772295435269672,2bit,-25.01048785588482
301,-26.41098283684772,2bit,-25.01048785588482
302,-24.49814052581787,2bit,-25.01048785588482
303,-24.37867341041565,2bit,-25.01048785588482
304,-25.85878009062547,2bit,-25.01048785588482
305,-25.6135067542394,2bit,-25.01048785588482
306,-25.80044460296631,2bit,-25.01048785588482
307,-25.35531395673752,2bit,-25.01048785588482
308,-24.80981811724211,2bit,-25.01048785588482
309,-24.345394919900333,2bit,-25.01048785588482
310,-24.70661569896497,2bit,-25.01048785588482
311,-24.76432332125577,2bit,-25.01048785588482
312,-27.83744127100164,2bit,-25.01048785588482
313,-26.053226788838703,2bit,-25.01048785588482
314,-27.142765617370607,2bit,-25.01048785588482
315,-24.509624567898836,2bit,-25.01048785588482
316,-22.880842753819056,2bit,-25.01048785588482
317,-22.412270495766087,2bit,-25.01048785588482
318,-23.689544677734375,2bit,-25.01048785588482
319,-24.945702119307086,2bit,-25.01048785588482
320,-26.490846980701793,2bit,-25.01048785588482
321,-23.597940308707102,2bit,-25.01048785588482
322,-25.398765303871848,2bit,-25.01048785588482
323,-25.775293493270873,2bit,-25.01048785588482
324,-21.75862307982011,2bit,-25.01048785588482
325,-23.175637418573555,2bit,-25.01048785588482
326,-25.394098567962647,2bit,-25.01048785588482
327,-24.88691167831421,2bit,-25.01048785588482
328,-22.833250497516833,2bit,-25.01048785588482
329,-24.753553741856624,2bit,-25.01048785588482
330,-26.26888828277588,2bit,-25.01048785588482
331,-26.084131558736164,2bit,-25.01048785588482
332,-24.4663565158844,2bit,-25.01048785588482
333,-26.09747022740981,2bit,-25.01048785588482
334,-24.19851249197255,2bit,-25.01048785588482
335,-24.91801708394831,2bit,-25.01048785588482
336,-25.317278180803573,2bit,-25.01048785588482
337,-25.611050042239103,2bit,-25.01048785588482
338,-27.31399064064026,2bit,-25.01048785588482
339,-26.237865197031123,2bit,-25.01048785588482
340,-23.99092353820801,2bit,-25.01048785588482
341,-24.546897354125978,2bit,-25.01048785588482
342,-24.92487044561477,2bit,-25.01048785588482
343,-24.39180040359497,2bit,-25.01048785588482
344,-24.329449823924474,2bit,-25.01048785588482
345,-24.40022850036621,2bit,-25.01048785588482
346,-27.598571875999713,2bit,-25.01048785588482
347,-26.350159486134846,2bit,-25.01048785588482
348,-26.654692940090012,2bit,-25.01048785588482
349,-27.099570989608765,2bit,-25.01048785588482
350,-25.721147961086697,2bit,-25.01048785588482
351,-25.6228270928065,2bit,-25.01048785588482
352,-25.692352749052503,2bit,-25.01048785588482
353,-24.781372660682315,2bit,-25.01048785588482
354,-27.008408308029175,2bit,-25.01048785588482
355,-25.33285065491994,2bit,-25.01048785588482
356,-25.087356948852538,2bit,-25.01048785588482
357,-24.711738692389595,2bit,-25.01048785588482
358,-26.871266447979473,2bit,-25.01048785588482
359,-28.572655450730096,2bit,-25.01048785588482
360,-27.1637544631958,2bit,-25.01048785588482
361,-26.31359504518055,2bit,-25.01048785588482
362,-25.15193872866423,2bit,-25.01048785588482
363,-24.957204688679088,2bit,-25.01048785588482
364,-26.158989295959472,2bit,-25.01048785588482
365,-25.938446625419285,2bit,-25.01048785588482
366,-24.26177708307902,2bit,-25.01048785588482
367,-24.748551321029662,2bit,-25.01048785588482
368,-23.69460060285485,2bit,-25.01048785588482
369,-25.290445120438285,2bit,-25.01048785588482
370,-25.354891430247914,2bit,-25.01048785588482
371,-24.363750544461336,2bit,-25.01048785588482
372,-23.461431326689542,2bit,-25.01048785588482
373,-23.724625091552735,2bit,-25.01048785588482
374,-23.72432440298575,2bit,-25.01048785588482
375,-24.233320951461792,2bit,-25.01048785588482
376,-21.693870151744168,2bit,-25.01048785588482
377,-23.553812177557695,2bit,-25.01048785588482
378,-23.40808653831482,2bit,-25.01048785588482
379,-24.78256118297577,2bit,-25.01048785588482
380,-23.7464757718538,2bit,-25.01048785588482
381,-22.86388397216797,2bit,-25.01048785588482
382,-24.873860994974773,2bit,-25.01048785588482
383,-23.11886339602263,2bit,-25.01048785588482
384,-25.821704597473143,2bit,-25.01048785588482
385,-25.895006043570383,2bit,-25.01048785588482
386,-24.956685247875395,2bit,-25.01048785588482
387,-25.83580880416067,2bit,-25.01048785588482
388,-24.150554847717284,2bit,-25.01048785588482
389,-25.36886481444041,2bit,-25.01048785588482
390,-24.552752685546874,2bit,-25.01048785588482
391,-23.766208330790203,2bit,-25.01048785588482
392,-24.194057083129884,2bit,-25.01048785588482
393,-23.441184846978437,2bit,-25.01048785588482
394,-24.65585046065481,2bit,-25.01048785588482
395,-26.671833562850953,2bit,-25.01048785588482
