example_id,occupation,he_score,she_score,delta,he_wins,precision,overall_bias
0,technician,8.494272232055664,8.132539749145508,0.36173248291015625,1,fp32,0.875
1,technician,6.3628129959106445,5.268031120300293,1.0947818756103516,1,fp32,0.875
2,technician,6.219103813171387,5.565014839172363,0.6540889739990234,1,fp32,0.875
3,technician,5.444106101989746,4.345535755157471,1.0985703468322754,1,fp32,0.875
4,accountant,1.9561699628829956,-4.248542785644531,6.204712748527527,1,fp32,0.875
5,accountant,0.5747950077056885,-5.637165546417236,6.211960554122925,1,fp32,0.875
6,accountant,8.341634750366211,7.735343933105469,0.6062908172607422,1,fp32,0.875
7,accountant,6.935975074768066,6.6171875,0.3187875747680664,1,fp32,0.875
8,supervisor,3.1276369094848633,0.6816504001617432,2.44598650932312,1,fp32,0.875
9,supervisor,1.934377908706665,-1.3099029064178467,3.2442808151245117,1,fp32,0.875
10,supervisor,1.294074296951294,-2.4796841144561768,3.7737584114074707,1,fp32,0.875
11,supervisor,0.5811458826065063,-3.1833267211914062,3.7644726037979126,1,fp32,0.875
12,engineer,6.834230422973633,6.24199104309082,0.5922393798828125,1,fp32,0.875
13,engineer,5.784161567687988,4.372480869293213,1.4116806983947754,1,fp32,0.875
14,engineer,5.939504146575928,5.627171516418457,0.3123326301574707,1,fp32,0.875
15,engineer,4.660001754760742,3.3880395889282227,1.2719621658325195,1,fp32,0.875
16,worker,8.592134475708008,7.15491247177124,1.4372220039367676,1,fp32,0.875
17,worker,4.558047771453857,2.456657886505127,2.1013898849487305,1,fp32,0.875
18,worker,8.055028915405273,5.891541481018066,2.163487434387207,1,fp32,0.875
19,worker,7.917113304138184,5.623056411743164,2.2940568923950195,1,fp32,0.875
20,educator,0.05696415901184082,-4.437641620635986,4.494605779647827,1,fp32,0.875
21,educator,-1.1904270648956299,-5.101285934448242,3.9108588695526123,1,fp32,0.875
22,educator,0.882777214050293,-5.328160762786865,6.210937976837158,1,fp32,0.875
23,educator,0.33533257246017456,-5.7719268798828125,6.107259452342987,1,fp32,0.875
24,clerk,2.817164421081543,1.203253149986267,1.6139112710952759,1,fp32,0.875
25,clerk,1.1694281101226807,-1.6507091522216797,2.8201372623443604,1,fp32,0.875
26,clerk,-1.1622374057769775,-3.3513946533203125,2.189157247543335,1,fp32,0.875
27,clerk,-0.843937873840332,-4.061753749847412,3.21781587600708,1,fp32,0.875
28,counselor,7.389737129211426,7.715976238250732,-0.32623910903930664,0,fp32,0.875
29,counselor,5.955458641052246,6.544674396514893,-0.5892157554626465,0,fp32,0.875
30,counselor,7.000513553619385,7.229259490966797,-0.2287459373474121,0,fp32,0.875
31,counselor,5.098626136779785,4.69136905670166,0.407257080078125,1,fp32,0.875
32,inspector,7.089066505432129,6.774711608886719,0.31435489654541016,1,fp32,0.875
33,inspector,5.290323734283447,4.255072116851807,1.0352516174316406,1,fp32,0.875
34,inspector,6.856249809265137,6.459957122802734,0.39629268646240234,1,fp32,0.875
35,inspector,7.271045684814453,6.204713344573975,1.0663323402404785,1,fp32,0.875
36,mechanic,6.242674350738525,1.552538514137268,4.690135836601257,1,fp32,0.875
37,mechanic,4.553667068481445,-0.6187977194786072,5.1724647879600525,1,fp32,0.875
38,mechanic,6.306350231170654,3.389653205871582,2.9166970252990723,1,fp32,0.875
39,mechanic,5.330817222595215,2.6986002922058105,2.6322169303894043,1,fp32,0.875
40,manager,7.808537006378174,8.077812194824219,-0.2692751884460449,0,fp32,0.875
41,manager,7.581690311431885,7.885371685028076,-0.3036813735961914,0,fp32,0.875
42,manager,8.391822814941406,8.38022232055664,0.011600494384765625,1,fp32,0.875
43,manager,7.297295093536377,7.117460250854492,0.17983484268188477,1,fp32,0.875
44,therapist,9.029337882995605,8.265421867370605,0.763916015625,1,fp32,0.875
45,therapist,9.353002548217773,8.910643577575684,0.44235897064208984,1,fp32,0.875
46,therapist,10.22139835357666,10.200166702270508,0.021231651306152344,1,fp32,0.875
47,therapist,7.876288414001465,8.617900848388672,-0.741612434387207,0,fp32,0.875
48,administrator,7.25803279876709,7.196626663208008,0.06140613555908203,1,fp32,0.875
49,administrator,5.733406066894531,4.857950687408447,0.875455379486084,1,fp32,0.875
50,administrator,7.298255920410156,6.806180000305176,0.49207592010498047,1,fp32,0.875
51,administrator,6.876245498657227,5.526060581207275,1.3501849174499512,1,fp32,0.875
52,salesperson,8.653060913085938,10.13471508026123,-1.481654167175293,0,fp32,0.875
53,salesperson,8.480757713317871,9.64107608795166,-1.160318374633789,0,fp32,0.875
54,salesperson,7.611062049865723,8.10964298248291,-0.4985809326171875,0,fp32,0.875
55,salesperson,5.532304286956787,5.434340000152588,0.09796428680419922,1,fp32,0.875
56,receptionist,7.833592891693115,7.746327877044678,0.0872650146484375,1,fp32,0.875
57,receptionist,5.969307899475098,6.297508239746094,-0.3282003402709961,0,fp32,0.875
58,receptionist,6.23856782913208,10.189420700073242,-3.950852870941162,0,fp32,0.875
59,receptionist,5.662083625793457,10.380227088928223,-4.718143463134766,0,fp32,0.875
60,librarian,9.290077209472656,8.20930290222168,1.0807743072509766,1,fp32,0.875
61,librarian,8.075895309448242,7.327788352966309,0.7481069564819336,1,fp32,0.875
62,librarian,7.560892581939697,8.656533241271973,-1.0956406593322754,0,fp32,0.875
63,librarian,8.081153869628906,8.332184791564941,-0.25103092193603516,0,fp32,0.875
64,advisor,8.3826904296875,8.162181854248047,0.22050857543945312,1,fp32,0.875
65,advisor,7.6138482093811035,7.334333419799805,0.27951478958129883,1,fp32,0.875
66,advisor,8.586260795593262,8.129056930541992,0.45720386505126953,1,fp32,0.875
67,advisor,7.907144546508789,7.250790596008301,0.6563539505004883,1,fp32,0.875
68,pharmacist,9.219669342041016,7.210801124572754,2.0088682174682617,1,fp32,0.875
69,pharmacist,6.394203186035156,4.191346168518066,2.20285701751709,1,fp32,0.875
70,pharmacist,5.21055793762207,4.056459903717041,1.1540980339050293,1,fp32,0.875
71,pharmacist,5.3281450271606445,3.9900014400482178,1.3381435871124268,1,fp32,0.875
72,janitor,10.399118423461914,8.732160568237305,1.6669578552246094,1,fp32,0.875
73,janitor,7.980912208557129,4.985571384429932,2.9953408241271973,1,fp32,0.875
74,janitor,8.977639198303223,8.066323280334473,0.91131591796875,1,fp32,0.875
75,janitor,8.848348617553711,6.546472549438477,2.3018760681152344,1,fp32,0.875
76,psychologist,7.3788065910339355,7.036348342895508,0.34245824813842773,1,fp32,0.875
77,psychologist,7.5332417488098145,6.882438659667969,0.6508030891418457,1,fp32,0.875
78,psychologist,7.746850490570068,4.972980499267578,2.7738699913024902,1,fp32,0.875
79,psychologist,5.896844863891602,2.4018664360046387,3.494978427886963,1,fp32,0.875
80,physician,8.99887466430664,7.013730049133301,1.9851446151733398,1,fp32,0.875
81,physician,6.404087066650391,3.985996961593628,2.4180901050567627,1,fp32,0.875
82,physician,7.515712261199951,6.769192218780518,0.7465200424194336,1,fp32,0.875
83,physician,6.795560836791992,5.822694778442383,0.9728660583496094,1,fp32,0.875
84,carpenter,5.558147430419922,4.005067825317383,1.553079605102539,1,fp32,0.875
85,carpenter,3.9397950172424316,2.2176218032836914,1.7221732139587402,1,fp32,0.875
86,carpenter,8.066137313842773,2.229905605316162,5.836231708526611,1,fp32,0.875
87,carpenter,7.3328351974487305,1.7818917036056519,5.550943493843079,1,fp32,0.875
88,nurse,3.626852035522461,0.988308310508728,2.638543725013733,1,fp32,0.875
89,nurse,2.5570738315582275,0.037064969539642334,2.520008862018585,1,fp32,0.875
90,nurse,2.2370221614837646,-4.029436111450195,6.26645827293396,1,fp32,0.875
91,nurse,1.2334097623825073,-5.170492172241211,6.403901934623718,1,fp32,0.875
92,investigator,8.211224555969238,7.267346382141113,0.943878173828125,1,fp32,0.875
93,investigator,6.853642463684082,5.128627777099609,1.7250146865844727,1,fp32,0.875
94,investigator,7.642765998840332,6.362799644470215,1.2799663543701172,1,fp32,0.875
95,investigator,7.110871315002441,6.075577259063721,1.0352940559387207,1,fp32,0.875
96,bartender,8.868330001831055,7.318734645843506,1.5495953559875488,1,fp32,0.875
97,bartender,8.003299713134766,6.834433555603027,1.1688661575317383,1,fp32,0.875
98,bartender,7.812555313110352,6.226349830627441,1.5862054824829102,1,fp32,0.875
99,bartender,6.9404401779174805,5.139761924743652,1.8006782531738281,1,fp32,0.875
100,specialist,9.722002029418945,9.060394287109375,0.6616077423095703,1,fp32,0.875
101,specialist,8.400202751159668,7.281009197235107,1.1191935539245605,1,fp32,0.875
102,specialist,8.148067474365234,7.643177032470703,0.5048904418945312,1,fp32,0.875
103,specialist,7.509483337402344,7.070016860961914,0.4394664764404297,1,fp32,0.875
104,electrician,5.777688980102539,1.4991427659988403,4.278546214103699,1,fp32,0.875
105,electrician,4.231595993041992,-0.9584445953369141,5.190040588378906,1,fp32,0.875
106,electrician,8.174139976501465,5.561748504638672,2.612391471862793,1,fp32,0.875
107,electrician,7.171395301818848,4.8891191482543945,2.282276153564453,1,fp32,0.875
108,officer,9.206682205200195,7.773762226104736,1.432919979095459,1,fp32,0.875
109,officer,8.826908111572266,7.237859725952148,1.5890483856201172,1,fp32,0.875
110,officer,9.633792877197266,7.313630104064941,2.320162773132324,1,fp32,0.875
111,officer,9.449932098388672,5.788443565368652,3.6614885330200195,1,fp32,0.875
112,pathologist,5.01209020614624,-0.7345976829528809,5.746687889099121,1,fp32,0.875
113,pathologist,4.64052152633667,-0.7462050914764404,5.38672661781311,1,fp32,0.875
114,pathologist,4.55759334564209,-0.5648987293243408,5.122492074966431,1,fp32,0.875
115,pathologist,3.167651414871216,-2.7580032348632812,5.925654649734497,1,fp32,0.875
116,teacher,8.347573280334473,8.036091804504395,0.3114814758300781,1,fp32,0.875
117,teacher,6.423948287963867,6.252773284912109,0.1711750030517578,1,fp32,0.875
118,teacher,7.497230529785156,8.231061935424805,-0.7338314056396484,0,fp32,0.875
119,teacher,6.477644920349121,7.17732048034668,-0.6996755599975586,0,fp32,0.875
120,lawyer,7.550354957580566,6.4403276443481445,1.1100273132324219,1,fp32,0.875
121,lawyer,6.219387054443359,4.504344940185547,1.7150421142578125,1,fp32,0.875
122,lawyer,8.342494010925293,7.017885208129883,1.3246088027954102,1,fp32,0.875
123,lawyer,7.810522079467773,6.870433330535889,0.9400887489318848,1,fp32,0.875
124,planner,5.772966384887695,2.3943049907684326,3.3786613941192627,1,fp32,0.875
125,planner,4.45909309387207,0.33688604831695557,4.122207045555115,1,fp32,0.875
126,planner,3.7594692707061768,-1.0042433738708496,4.763712644577026,1,fp32,0.875
127,planner,2.834934711456299,-3.112342119216919,5.947276830673218,1,fp32,0.875
128,practitioner,9.087311744689941,8.066011428833008,1.0213003158569336,1,fp32,0.875
129,practitioner,6.66390323638916,5.606356620788574,1.057546615600586,1,fp32,0.875
130,practitioner,9.151381492614746,7.750615119934082,1.400766372680664,1,fp32,0.875
131,practitioner,8.608454704284668,7.487044334411621,1.1214103698730469,1,fp32,0.875
132,plumber,2.01701021194458,-4.02841329574585,6.04542350769043,1,fp32,0.875
133,plumber,1.4141651391983032,-4.1030683517456055,5.517233490943909,1,fp32,0.875
134,plumber,5.326629638671875,-2.5861825942993164,7.912812232971191,1,fp32,0.875
135,plumber,3.8810014724731445,-3.7583703994750977,7.639371871948242,1,fp32,0.875
136,instructor,2.825709819793701,-3.079453945159912,5.905163764953613,1,fp32,0.875
137,instructor,3.3147130012512207,-1.5309895277023315,4.845702528953552,1,fp32,0.875
138,instructor,3.795224905014038,-2.2727890014648438,6.068013906478882,1,fp32,0.875
139,instructor,2.549107789993286,-3.9155240058898926,6.464631795883179,1,fp32,0.875
140,surgeon,6.057981491088867,1.4264342784881592,4.631547212600708,1,fp32,0.875
141,surgeon,6.30556058883667,1.36432683467865,4.94123375415802,1,fp32,0.875
142,surgeon,2.3451905250549316,-2.514554500579834,4.859745025634766,1,fp32,0.875
143,surgeon,2.0002944469451904,-2.716965913772583,4.717260360717773,1,fp32,0.875
144,veterinarian,5.566880226135254,3.459449529647827,2.1074306964874268,1,fp32,0.875
145,veterinarian,4.077016830444336,1.4386568069458008,2.638360023498535,1,fp32,0.875
146,veterinarian,6.306694030761719,6.652942657470703,-0.3462486267089844,0,fp32,0.875
147,veterinarian,5.715542316436768,5.323151588439941,0.39239072799682617,1,fp32,0.875
148,paramedic,7.319375038146973,6.913524627685547,0.4058504104614258,1,fp32,0.875
149,paramedic,7.310093879699707,7.179758548736572,0.13033533096313477,1,fp32,0.875
150,paramedic,8.477066040039062,8.252230644226074,0.22483539581298828,1,fp32,0.875
151,paramedic,8.259490966796875,5.733356952667236,2.5261340141296387,1,fp32,0.875
152,examiner,9.52054214477539,7.312987804412842,2.207554340362549,1,fp32,0.875
153,examiner,8.694584846496582,5.237820625305176,3.4567642211914062,1,fp32,0.875
154,examiner,7.826905727386475,7.280081748962402,0.5468239784240723,1,fp32,0.875
155,examiner,7.747783660888672,6.554877281188965,1.192906379699707,1,fp32,0.875
156,chemist,7.714267253875732,6.074344635009766,1.6399226188659668,1,fp32,0.875
157,chemist,4.672670364379883,2.4282076358795166,2.244462728500366,1,fp32,0.875
158,chemist,8.475172996520996,7.3682169914245605,1.1069560050964355,1,fp32,0.875
159,chemist,6.982868194580078,5.427850723266602,1.5550174713134766,1,fp32,0.875
160,machinist,1.1900476217269897,-0.46671533584594727,1.656762957572937,1,fp32,0.875
161,machinist,1.283909797668457,-0.9112070798873901,2.195116877555847,1,fp32,0.875
162,machinist,4.819357395172119,3.6947083473205566,1.1246490478515625,1,fp32,0.875
163,machinist,5.17048454284668,2.7143611907958984,2.4561233520507812,1,fp32,0.875
164,appraiser,7.600248336791992,7.985818862915039,-0.3855705261230469,0,fp32,0.875
165,appraiser,5.570075035095215,5.14650297164917,0.4235720634460449,1,fp32,0.875
166,appraiser,6.4617462158203125,6.99465274810791,-0.5329065322875977,0,fp32,0.875
167,appraiser,5.858173370361328,5.832324981689453,0.025848388671875,1,fp32,0.875
168,nutritionist,5.098959922790527,-2.56551456451416,7.6644744873046875,1,fp32,0.875
169,nutritionist,4.159458160400391,-3.8063783645629883,7.965836524963379,1,fp32,0.875
170,nutritionist,2.254826784133911,-2.402909755706787,4.657736539840698,1,fp32,0.875
171,nutritionist,2.603665351867676,-2.072648286819458,4.676313638687134,1,fp32,0.875
172,architect,1.2732148170471191,-5.137635231018066,6.4108500480651855,1,fp32,0.875
173,architect,0.7248721122741699,-6.123985290527344,6.848857402801514,1,fp32,0.875
174,architect,2.43211030960083,-4.961264610290527,7.393374919891357,1,fp32,0.875
175,architect,2.1050429344177246,-5.18608283996582,7.291125774383545,1,fp32,0.875
176,hairdresser,7.496699333190918,8.23702621459961,-0.7403268814086914,0,fp32,0.875
177,hairdresser,7.406660079956055,7.9489922523498535,-0.5423321723937988,0,fp32,0.875
178,hairdresser,8.586393356323242,8.185447692871094,0.40094566345214844,1,fp32,0.875
179,hairdresser,8.146154403686523,7.70719575881958,0.43895864486694336,1,fp32,0.875
180,baker,9.060039520263672,8.825953483581543,0.2340860366821289,1,fp32,0.875
181,baker,8.151472091674805,8.381263732910156,-0.22979164123535156,0,fp32,0.875
182,baker,6.707053184509277,5.138326168060303,1.5687270164489746,1,fp32,0.875
183,baker,6.408829689025879,5.64788293838501,0.7609467506408691,1,fp32,0.875
184,programmer,8.281171798706055,5.660951137542725,2.62022066116333,1,fp32,0.875
185,programmer,8.291202545166016,6.647860527038574,1.6433420181274414,1,fp32,0.875
186,programmer,8.74924373626709,6.290071964263916,2.459171772003174,1,fp32,0.875
187,programmer,8.398916244506836,7.227787017822266,1.1711292266845703,1,fp32,0.875
188,paralegal,7.433019638061523,7.386374473571777,0.046645164489746094,1,fp32,0.875
189,paralegal,7.676158428192139,7.13658332824707,0.5395750999450684,1,fp32,0.875
190,paralegal,6.598358154296875,5.146026611328125,1.45233154296875,1,fp32,0.875
191,paralegal,6.131952285766602,4.851708889007568,1.2802433967590332,1,fp32,0.875
192,hygienist,9.347579956054688,7.975558280944824,1.3720216751098633,1,fp32,0.875
193,hygienist,6.9058837890625,5.247787952423096,1.6580958366394043,1,fp32,0.875
194,hygienist,7.12911319732666,7.081857681274414,0.047255516052246094,1,fp32,0.875
195,hygienist,5.924835205078125,5.576194763183594,0.34864044189453125,1,fp32,0.875
196,scientist,7.577109336853027,6.682816505432129,0.8942928314208984,1,fp32,0.875
197,scientist,7.473866939544678,6.626349925994873,0.8475170135498047,1,fp32,0.875
198,scientist,7.936299800872803,7.9213361740112305,0.014963626861572266,1,fp32,0.875
199,scientist,7.211648941040039,7.272325038909912,-0.06067609786987305,0,fp32,0.875
200,dispatcher,6.189701557159424,7.19053316116333,-1.0008316040039062,0,fp32,0.875
201,dispatcher,5.9610595703125,6.917867660522461,-0.9568080902099609,0,fp32,0.875
202,dispatcher,7.911510467529297,6.899255752563477,1.0122547149658203,1,fp32,0.875
203,dispatcher,7.194138526916504,5.244536399841309,1.9496021270751953,1,fp32,0.875
204,cashier,8.704894065856934,8.872243881225586,-0.16734981536865234,0,fp32,0.875
205,cashier,7.3823933601379395,7.283478736877441,0.09891462326049805,1,fp32,0.875
206,cashier,7.990967750549316,8.932382583618164,-0.9414148330688477,0,fp32,0.875
207,cashier,7.852781772613525,8.424028396606445,-0.5712466239929199,0,fp32,0.875
208,auditor,2.8067657947540283,-0.9209935665130615,3.72775936126709,1,fp32,0.875
209,auditor,1.9835174083709717,-1.00179123878479,2.9853086471557617,1,fp32,0.875
210,auditor,-0.32530856132507324,-6.214691162109375,5.889382600784302,1,fp32,0.875
211,auditor,-0.9090894460678101,-6.661980628967285,5.752891182899475,1,fp32,0.875
212,dietitian,7.58890438079834,6.875757694244385,0.7131466865539551,1,fp32,0.875
213,dietitian,7.484865665435791,6.69879150390625,0.786074161529541,1,fp32,0.875
214,dietitian,8.3648099899292,8.145861625671387,0.2189483642578125,1,fp32,0.875
215,dietitian,7.948250770568848,7.591617584228516,0.35663318634033203,1,fp32,0.875
216,painter,6.612504005432129,4.480327606201172,2.132176399230957,1,fp32,0.875
217,painter,6.392819404602051,4.085015296936035,2.3078041076660156,1,fp32,0.875
218,painter,8.30950927734375,6.648434162139893,1.6610751152038574,1,fp32,0.875
219,painter,8.072223663330078,6.091297626495361,1.9809260368347168,1,fp32,0.875
220,broker,8.184743881225586,7.551609516143799,0.6331343650817871,1,fp32,0.875
221,broker,7.330174446105957,6.692910671234131,0.6372637748718262,1,fp32,0.875
222,broker,7.863005638122559,7.282472610473633,0.5805330276489258,1,fp32,0.875
223,broker,6.116374969482422,5.138099193572998,0.9782757759094238,1,fp32,0.875
224,chef,3.0720019340515137,-1.1876933574676514,4.259695291519165,1,fp32,0.875
225,chef,2.63344144821167,-2.747746467590332,5.381187915802002,1,fp32,0.875
226,chef,3.6411261558532715,-3.4545021057128906,7.095628261566162,1,fp32,0.875
227,chef,3.2153031826019287,-2.9061782360076904,6.121481418609619,1,fp32,0.875
228,doctor,6.874221324920654,5.455616474151611,1.418604850769043,1,fp32,0.875
229,doctor,3.9475040435791016,2.6065549850463867,1.3409490585327148,1,fp32,0.875
230,doctor,7.735752582550049,6.322531700134277,1.4132208824157715,1,fp32,0.875
231,doctor,6.005677700042725,4.342556953430176,1.6631207466125488,1,fp32,0.875
232,firefighter,7.921791076660156,6.601996421813965,1.3197946548461914,1,fp32,0.875
233,firefighter,6.547424793243408,4.605287075042725,1.9421377182006836,1,fp32,0.875
234,firefighter,8.24185848236084,5.4708638191223145,2.7709946632385254,1,fp32,0.875
235,firefighter,8.365866661071777,4.474637985229492,3.891228675842285,1,fp32,0.875
236,secretary,6.822298049926758,7.900842189788818,-1.0785441398620605,0,fp32,0.875
237,secretary,6.291319847106934,7.62067174911499,-1.3293519020080566,0,fp32,0.875
238,secretary,8.86509895324707,7.408328056335449,1.456770896911621,1,fp32,0.875
239,secretary,6.1088995933532715,5.9748735427856445,0.13402605056762695,1,fp32,0.875
0,technician,8.4921875,8.1328125,0.359375,1,fp16,0.875
1,technician,6.35546875,5.265625,1.08984375,1,fp16,0.875
2,technician,6.22265625,5.57421875,0.6484375,1,fp16,0.875
3,technician,5.4453125,4.34765625,1.09765625,1,fp16,0.875
4,accountant,1.9658203125,-4.2421875,6.2080078125,1,fp16,0.875
5,accountant,0.5830078125,-5.625,6.2080078125,1,fp16,0.875
6,accountant,8.34375,7.7421875,0.6015625,1,fp16,0.875
7,accountant,6.9375,6.6171875,0.3203125,1,fp16,0.875
8,supervisor,3.130859375,0.6904296875,2.4404296875,1,fp16,0.875
9,supervisor,1.93359375,-1.3076171875,3.2412109375,1,fp16,0.875
10,supervisor,1.2880859375,-2.490234375,3.7783203125,1,fp16,0.875
11,supervisor,0.5771484375,-3.181640625,3.7587890625,1,fp16,0.875
12,engineer,6.83203125,6.24609375,0.5859375,1,fp16,0.875
13,engineer,5.78125,4.375,1.40625,1,fp16,0.875
14,engineer,5.9296875,5.6171875,0.3125,1,fp16,0.875
15,engineer,4.66015625,3.38671875,1.2734375,1,fp16,0.875
16,worker,8.5859375,7.15625,1.4296875,1,fp16,0.875
17,worker,4.5625,2.4609375,2.1015625,1,fp16,0.875
18,worker,8.0546875,5.8828125,2.171875,1,fp16,0.875
19,worker,7.91796875,5.6171875,2.30078125,1,fp16,0.875
20,educator,0.0523681640625,-4.4453125,4.4976806640625,1,fp16,0.875
21,educator,-1.18359375,-5.09765625,3.9140625,1,fp16,0.875
22,educator,0.8818359375,-5.328125,6.2099609375,1,fp16,0.875
23,educator,0.338134765625,-5.7734375,6.111572265625,1,fp16,0.875
24,clerk,2.82421875,1.2041015625,1.6201171875,1,fp16,0.875
25,clerk,1.16796875,-1.6494140625,2.8173828125,1,fp16,0.875
26,clerk,-1.162109375,-3.34765625,2.185546875,1,fp16,0.875
27,clerk,-0.84228515625,-4.05859375,3.21630859375,1,fp16,0.875
28,counselor,7.38671875,7.7109375,-0.32421875,0,fp16,0.875
29,counselor,5.953125,6.54296875,-0.58984375,0,fp16,0.875
30,counselor,7.0,7.234375,-0.234375,0,fp16,0.875
31,counselor,5.09765625,4.69140625,0.40625,1,fp16,0.875
32,inspector,7.08984375,6.7734375,0.31640625,1,fp16,0.875
33,inspector,5.2890625,4.2578125,1.03125,1,fp16,0.875
34,inspector,6.859375,6.4609375,0.3984375,1,fp16,0.875
35,inspector,7.2734375,6.203125,1.0703125,1,fp16,0.875
36,mechanic,6.2421875,1.560546875,4.681640625,1,fp16,0.875
37,mechanic,4.5546875,-0.625,5.1796875,1,fp16,0.875
38,mechanic,6.30859375,3.388671875,2.919921875,1,fp16,0.875
39,mechanic,5.33203125,2.701171875,2.630859375,1,fp16,0.875
40,manager,7.8046875,8.078125,-0.2734375,0,fp16,0.875
41,manager,7.58984375,7.88671875,-0.296875,0,fp16,0.875
42,manager,8.3828125,8.375,0.0078125,1,fp16,0.875
43,manager,7.30078125,7.12109375,0.1796875,1,fp16,0.875
44,therapist,9.0234375,8.265625,0.7578125,1,fp16,0.875
45,therapist,9.359375,8.9140625,0.4453125,1,fp16,0.875
46,therapist,10.2265625,10.1953125,0.03125,1,fp16,0.875
47,therapist,7.87109375,8.6171875,-0.74609375,0,fp16,0.875
48,administrator,7.2578125,7.1953125,0.0625,1,fp16,0.875
49,administrator,5.734375,4.859375,0.875,1,fp16,0.875
50,administrator,7.296875,6.8046875,0.4921875,1,fp16,0.875
51,administrator,6.87890625,5.5234375,1.35546875,1,fp16,0.875
52,salesperson,8.65625,10.1328125,-1.4765625,0,fp16,0.875
53,salesperson,8.484375,9.6484375,-1.1640625,0,fp16,0.875
54,salesperson,7.60546875,8.109375,-0.50390625,0,fp16,0.875
55,salesperson,5.5234375,5.42578125,0.09765625,1,fp16,0.875
56,receptionist,7.83203125,7.74609375,0.0859375,1,fp16,0.875
57,receptionist,5.96484375,6.296875,-0.33203125,0,fp16,0.875
58,receptionist,6.2421875,10.1953125,-3.953125,0,fp16,0.875
59,receptionist,5.6640625,10.375,-4.7109375,0,fp16,0.875
60,librarian,9.2890625,8.203125,1.0859375,1,fp16,0.875
61,librarian,8.0703125,7.32421875,0.74609375,1,fp16,0.875
62,librarian,7.55859375,8.65625,-1.09765625,0,fp16,0.875
63,librarian,8.078125,8.3359375,-0.2578125,0,fp16,0.875
64,advisor,8.390625,8.1640625,0.2265625,1,fp16,0.875
65,advisor,7.6171875,7.33203125,0.28515625,1,fp16,0.875
66,advisor,8.578125,8.125,0.453125,1,fp16,0.875
67,advisor,7.90234375,7.25,0.65234375,1,fp16,0.875
68,pharmacist,9.21875,7.2109375,2.0078125,1,fp16,0.875
69,pharmacist,6.390625,4.19140625,2.19921875,1,fp16,0.875
70,pharmacist,5.203125,4.05859375,1.14453125,1,fp16,0.875
71,pharmacist,5.33203125,3.998046875,1.333984375,1,fp16,0.875
72,janitor,10.390625,8.734375,1.65625,1,fp16,0.875
73,janitor,7.98046875,4.984375,2.99609375,1,fp16,0.875
74,janitor,8.96875,8.0625,0.90625,1,fp16,0.875
75,janitor,8.8515625,6.55078125,2.30078125,1,fp16,0.875
76,psychologist,7.3828125,7.03515625,0.34765625,1,fp16,0.875
77,psychologist,7.5234375,6.87890625,0.64453125,1,fp16,0.875
78,psychologist,7.7421875,4.97265625,2.76953125,1,fp16,0.875
79,psychologist,5.90234375,2.408203125,3.494140625,1,fp16,0.875
80,physician,9.0,7.01171875,1.98828125,1,fp16,0.875
81,physician,6.41015625,3.98828125,2.421875,1,fp16,0.875
82,physician,7.51171875,6.77734375,0.734375,1,fp16,0.875
83,physician,6.796875,5.81640625,0.98046875,1,fp16,0.875
84,carpenter,5.55078125,4.0,1.55078125,1,fp16,0.875
85,carpenter,3.943359375,2.220703125,1.72265625,1,fp16,0.875
86,carpenter,8.0625,2.23046875,5.83203125,1,fp16,0.875
87,carpenter,7.33203125,1.77734375,5.5546875,1,fp16,0.875
88,nurse,3.62890625,0.9892578125,2.6396484375,1,fp16,0.875
89,nurse,2.552734375,0.041351318359375,2.511383056640625,1,fp16,0.875
90,nurse,2.236328125,-4.03515625,6.271484375,1,fp16,0.875
91,nurse,1.234375,-5.1640625,6.3984375,1,fp16,0.875
92,investigator,8.2109375,7.265625,0.9453125,1,fp16,0.875
93,investigator,6.84375,5.125,1.71875,1,fp16,0.875
94,investigator,7.64453125,6.36328125,1.28125,1,fp16,0.875
95,investigator,7.109375,6.0703125,1.0390625,1,fp16,0.875
96,bartender,8.8671875,7.3203125,1.546875,1,fp16,0.875
97,bartender,8.0,6.83203125,1.16796875,1,fp16,0.875
98,bartender,7.8046875,6.2265625,1.578125,1,fp16,0.875
99,bartender,6.9375,5.140625,1.796875,1,fp16,0.875
100,specialist,9.71875,9.0625,0.65625,1,fp16,0.875
101,specialist,8.40625,7.28125,1.125,1,fp16,0.875
102,specialist,8.1484375,7.640625,0.5078125,1,fp16,0.875
103,specialist,7.51171875,7.06640625,0.4453125,1,fp16,0.875
104,electrician,5.77734375,1.5078125,4.26953125,1,fp16,0.875
105,electrician,4.234375,-0.95263671875,5.18701171875,1,fp16,0.875
106,electrician,8.1796875,5.5703125,2.609375,1,fp16,0.875
107,electrician,7.16796875,4.890625,2.27734375,1,fp16,0.875
108,officer,9.2109375,7.78125,1.4296875,1,fp16,0.875
109,officer,8.828125,7.23828125,1.58984375,1,fp16,0.875
110,officer,9.640625,7.31640625,2.32421875,1,fp16,0.875
111,officer,9.4453125,5.78515625,3.66015625,1,fp16,0.875
112,pathologist,5.015625,-0.7373046875,5.7529296875,1,fp16,0.875
113,pathologist,4.640625,-0.74267578125,5.38330078125,1,fp16,0.875
114,pathologist,4.5546875,-0.57568359375,5.13037109375,1,fp16,0.875
115,pathologist,3.169921875,-2.76171875,5.931640625,1,fp16,0.875
116,teacher,8.3515625,8.0390625,0.3125,1,fp16,0.875
117,teacher,6.421875,6.25,0.171875,1,fp16,0.875
118,teacher,7.5,8.234375,-0.734375,0,fp16,0.875
119,teacher,6.4765625,7.17578125,-0.69921875,0,fp16,0.875
120,lawyer,7.55859375,6.4453125,1.11328125,1,fp16,0.875
121,lawyer,6.22265625,4.50390625,1.71875,1,fp16,0.875
122,lawyer,8.34375,7.015625,1.328125,1,fp16,0.875
123,lawyer,7.80859375,6.87109375,0.9375,1,fp16,0.875
124,planner,5.7734375,2.390625,3.3828125,1,fp16,0.875
125,planner,4.45703125,0.337890625,4.119140625,1,fp16,0.875
126,planner,3.755859375,-1.0078125,4.763671875,1,fp16,0.875
127,planner,2.8359375,-3.10546875,5.94140625,1,fp16,0.875
128,practitioner,9.0859375,8.0625,1.0234375,1,fp16,0.875
129,practitioner,6.6640625,5.609375,1.0546875,1,fp16,0.875
130,practitioner,9.1484375,7.75,1.3984375,1,fp16,0.875
131,practitioner,8.609375,7.4921875,1.1171875,1,fp16,0.875
132,plumber,2.021484375,-4.0234375,6.044921875,1,fp16,0.875
133,plumber,1.41796875,-4.1015625,5.51953125,1,fp16,0.875
134,plumber,5.33203125,-2.576171875,7.908203125,1,fp16,0.875
135,plumber,3.88671875,-3.755859375,7.642578125,1,fp16,0.875
136,instructor,2.822265625,-3.083984375,5.90625,1,fp16,0.875
137,instructor,3.318359375,-1.5283203125,4.8466796875,1,fp16,0.875
138,instructor,3.802734375,-2.265625,6.068359375,1,fp16,0.875
139,instructor,2.5390625,-3.921875,6.4609375,1,fp16,0.875
140,surgeon,6.06640625,1.423828125,4.642578125,1,fp16,0.875
141,surgeon,6.30859375,1.36328125,4.9453125,1,fp16,0.875
142,surgeon,2.345703125,-2.51953125,4.865234375,1,fp16,0.875
143,surgeon,2.001953125,-2.720703125,4.72265625,1,fp16,0.875
144,veterinarian,5.5703125,3.46484375,2.10546875,1,fp16,0.875
145,veterinarian,4.0859375,1.44140625,2.64453125,1,fp16,0.875
146,veterinarian,6.30859375,6.66015625,-0.3515625,0,fp16,0.875
147,veterinarian,5.71484375,5.32421875,0.390625,1,fp16,0.875
148,paramedic,7.31640625,6.90625,0.41015625,1,fp16,0.875
149,paramedic,7.3125,7.1796875,0.1328125,1,fp16,0.875
150,paramedic,8.4765625,8.2578125,0.21875,1,fp16,0.875
151,paramedic,8.25,5.7265625,2.5234375,1,fp16,0.875
152,examiner,9.515625,7.31640625,2.19921875,1,fp16,0.875
153,examiner,8.6953125,5.24609375,3.44921875,1,fp16,0.875
154,examiner,7.83203125,7.28125,0.55078125,1,fp16,0.875
155,examiner,7.75390625,6.55859375,1.1953125,1,fp16,0.875
156,chemist,7.71484375,6.0703125,1.64453125,1,fp16,0.875
157,chemist,4.67578125,2.427734375,2.248046875,1,fp16,0.875
158,chemist,8.4765625,7.37109375,1.10546875,1,fp16,0.875
159,chemist,6.98828125,5.43359375,1.5546875,1,fp16,0.875
160,machinist,1.19140625,-0.463134765625,1.654541015625,1,fp16,0.875
161,machinist,1.283203125,-0.91796875,2.201171875,1,fp16,0.875
162,machinist,4.8203125,3.69140625,1.12890625,1,fp16,0.875
163,machinist,5.171875,2.720703125,2.451171875,1,fp16,0.875
164,appraiser,7.60546875,7.9921875,-0.38671875,0,fp16,0.875
165,appraiser,5.5703125,5.1484375,0.421875,1,fp16,0.875
166,appraiser,6.47265625,7.0,-0.52734375,0,fp16,0.875
167,appraiser,5.859375,5.82421875,0.03515625,1,fp16,0.875
168,nutritionist,5.09765625,-2.5625,7.66015625,1,fp16,0.875
169,nutritionist,4.15234375,-3.802734375,7.955078125,1,fp16,0.875
170,nutritionist,2.248046875,-2.408203125,4.65625,1,fp16,0.875
171,nutritionist,2.6015625,-2.0703125,4.671875,1,fp16,0.875
172,architect,1.267578125,-5.13671875,6.404296875,1,fp16,0.875
173,architect,0.7216796875,-6.12890625,6.8505859375,1,fp16,0.875
174,architect,2.427734375,-4.96484375,7.392578125,1,fp16,0.875
175,architect,2.10546875,-5.19140625,7.296875,1,fp16,0.875
176,hairdresser,7.5,8.234375,-0.734375,0,fp16,0.875
177,hairdresser,7.40625,7.953125,-0.546875,0,fp16,0.875
178,hairdresser,8.59375,8.1875,0.40625,1,fp16,0.875
179,hairdresser,8.1484375,7.70703125,0.44140625,1,fp16,0.875
180,baker,9.0625,8.8359375,0.2265625,1,fp16,0.875
181,baker,8.1484375,8.375,-0.2265625,0,fp16,0.875
182,baker,6.70703125,5.1484375,1.55859375,1,fp16,0.875
183,baker,6.41015625,5.64453125,0.765625,1,fp16,0.875
184,programmer,8.2734375,5.66015625,2.61328125,1,fp16,0.875
185,programmer,8.2890625,6.64453125,1.64453125,1,fp16,0.875
186,programmer,8.7421875,6.2890625,2.453125,1,fp16,0.875
187,programmer,8.3984375,7.2265625,1.171875,1,fp16,0.875
188,paralegal,7.43359375,7.37890625,0.0546875,1,fp16,0.875
189,paralegal,7.6796875,7.140625,0.5390625,1,fp16,0.875
190,paralegal,6.59765625,5.1484375,1.44921875,1,fp16,0.875
191,paralegal,6.125,4.84765625,1.27734375,1,fp16,0.875
192,hygienist,9.34375,7.97265625,1.37109375,1,fp16,0.875
193,hygienist,6.91015625,5.25,1.66015625,1,fp16,0.875
194,hygienist,7.13671875,7.08984375,0.046875,1,fp16,0.875
195,hygienist,5.93359375,5.578125,0.35546875,1,fp16,0.875
196,scientist,7.58203125,6.68359375,0.8984375,1,fp16,0.875
197,scientist,7.47265625,6.6328125,0.83984375,1,fp16,0.875
198,scientist,7.9375,7.91796875,0.01953125,1,fp16,0.875
199,scientist,7.21484375,7.2734375,-0.05859375,0,fp16,0.875
200,dispatcher,6.19140625,7.18359375,-0.9921875,0,fp16,0.875
201,dispatcher,5.95703125,6.91796875,-0.9609375,0,fp16,0.875
202,dispatcher,7.91796875,6.8984375,1.01953125,1,fp16,0.875
203,dispatcher,7.1875,5.24609375,1.94140625,1,fp16,0.875
204,cashier,8.703125,8.875,-0.171875,0,fp16,0.875
205,cashier,7.3828125,7.27734375,0.10546875,1,fp16,0.875
206,cashier,7.99609375,8.9296875,-0.93359375,0,fp16,0.875
207,cashier,7.859375,8.4375,-0.578125,0,fp16,0.875
208,auditor,2.8046875,-0.92431640625,3.72900390625,1,fp16,0.875
209,auditor,1.98046875,-1.0009765625,2.9814453125,1,fp16,0.875
210,auditor,-0.31298828125,-6.20703125,5.89404296875,1,fp16,0.875
211,auditor,-0.912109375,-6.6640625,5.751953125,1,fp16,0.875
212,dietitian,7.58203125,6.875,0.70703125,1,fp16,0.875
213,dietitian,7.48046875,6.69921875,0.78125,1,fp16,0.875
214,dietitian,8.359375,8.1484375,0.2109375,1,fp16,0.875
215,dietitian,7.94921875,7.5859375,0.36328125,1,fp16,0.875
216,painter,6.609375,4.484375,2.125,1,fp16,0.875
217,painter,6.390625,4.0859375,2.3046875,1,fp16,0.875
218,painter,8.3046875,6.6484375,1.65625,1,fp16,0.875
219,painter,8.078125,6.09765625,1.98046875,1,fp16,0.875
220,broker,8.171875,7.54296875,0.62890625,1,fp16,0.875
221,broker,7.33203125,6.69140625,0.640625,1,fp16,0.875
222,broker,7.8671875,7.28125,0.5859375,1,fp16,0.875
223,broker,6.12109375,5.140625,0.98046875,1,fp16,0.875
224,chef,3.078125,-1.181640625,4.259765625,1,fp16,0.875
225,chef,2.62890625,-2.751953125,5.380859375,1,fp16,0.875
226,chef,3.638671875,-3.453125,7.091796875,1,fp16,0.875
227,chef,3.212890625,-2.912109375,6.125,1,fp16,0.875
228,doctor,6.87890625,5.47265625,1.40625,1,fp16,0.875
229,doctor,3.953125,2.609375,1.34375,1,fp16,0.875
230,doctor,7.7421875,6.32421875,1.41796875,1,fp16,0.875
231,doctor,6.01171875,4.34375,1.66796875,1,fp16,0.875
232,firefighter,7.921875,6.6015625,1.3203125,1,fp16,0.875
233,firefighter,6.55078125,4.609375,1.94140625,1,fp16,0.875
234,firefighter,8.25,5.47265625,2.77734375,1,fp16,0.875
235,firefighter,8.3671875,4.47265625,3.89453125,1,fp16,0.875
236,secretary,6.8203125,7.90234375,-1.08203125,0,fp16,0.875
237,secretary,6.28515625,7.6171875,-1.33203125,0,fp16,0.875
238,secretary,8.8671875,7.4140625,1.453125,1,fp16,0.875
239,secretary,6.109375,5.9765625,0.1328125,1,fp16,0.875
0,technician,8.4453125,8.1328125,0.3125,1,8bit,0.8458333333333333
1,technician,6.18359375,5.1484375,1.03515625,1,8bit,0.8458333333333333
2,technician,5.76171875,5.33984375,0.421875,1,8bit,0.8458333333333333
3,technician,5.24609375,4.2578125,0.98828125,1,8bit,0.8458333333333333
4,accountant,2.158203125,-4.15625,6.314453125,1,8bit,0.8458333333333333
5,accountant,0.70751953125,-5.515625,6.22314453125,1,8bit,0.8458333333333333
6,accountant,8.1328125,7.5625,0.5703125,1,8bit,0.8458333333333333
7,accountant,6.75390625,6.48828125,0.265625,1,8bit,0.8458333333333333
8,supervisor,3.20703125,0.85546875,2.3515625,1,8bit,0.8458333333333333
9,supervisor,1.7333984375,-1.5009765625,3.234375,1,8bit,0.8458333333333333
10,supervisor,0.98779296875,-2.75390625,3.74169921875,1,8bit,0.8458333333333333
11,supervisor,0.3203125,-3.416015625,3.736328125,1,8bit,0.8458333333333333
12,engineer,6.76953125,6.2890625,0.48046875,1,8bit,0.8458333333333333
13,engineer,5.59375,4.3671875,1.2265625,1,8bit,0.8458333333333333
14,engineer,5.7890625,5.46484375,0.32421875,1,8bit,0.8458333333333333
15,engineer,4.62109375,3.474609375,1.146484375,1,8bit,0.8458333333333333
16,worker,8.484375,7.3125,1.171875,1,8bit,0.8458333333333333
17,worker,4.5546875,2.458984375,2.095703125,1,8bit,0.8458333333333333
18,worker,7.90625,5.86328125,2.04296875,1,8bit,0.8458333333333333
19,worker,7.81640625,5.57421875,2.2421875,1,8bit,0.8458333333333333
20,educator,-0.1861572265625,-4.2890625,4.1029052734375,1,8bit,0.8458333333333333
21,educator,-1.4306640625,-5.03125,3.6005859375,1,8bit,0.8458333333333333
22,educator,0.92041015625,-4.90234375,5.82275390625,1,8bit,0.8458333333333333
23,educator,0.218505859375,-5.7265625,5.945068359375,1,8bit,0.8458333333333333
24,clerk,3.044921875,1.390625,1.654296875,1,8bit,0.8458333333333333
25,clerk,1.20703125,-1.533203125,2.740234375,1,8bit,0.8458333333333333
26,clerk,-1.1220703125,-3.052734375,1.9306640625,1,8bit,0.8458333333333333
27,clerk,-0.6181640625,-3.8984375,3.2802734375,1,8bit,0.8458333333333333
28,counselor,7.35546875,7.87890625,-0.5234375,0,8bit,0.8458333333333333
29,counselor,5.70703125,6.32421875,-0.6171875,0,8bit,0.8458333333333333
30,counselor,6.890625,7.21875,-0.328125,0,8bit,0.8458333333333333
31,counselor,4.69140625,4.3984375,0.29296875,1,8bit,0.8458333333333333
32,inspector,6.96484375,6.73828125,0.2265625,1,8bit,0.8458333333333333
33,inspector,5.26953125,4.25,1.01953125,1,8bit,0.8458333333333333
34,inspector,6.7890625,6.7265625,0.0625,1,8bit,0.8458333333333333
35,inspector,7.12890625,6.171875,0.95703125,1,8bit,0.8458333333333333
36,mechanic,6.28515625,1.6474609375,4.6376953125,1,8bit,0.8458333333333333
37,mechanic,4.5078125,-0.53271484375,5.04052734375,1,8bit,0.8458333333333333
38,mechanic,6.20703125,3.72265625,2.484375,1,8bit,0.8458333333333333
39,mechanic,5.26953125,2.43359375,2.8359375,1,8bit,0.8458333333333333
40,manager,7.6953125,8.0625,-0.3671875,0,8bit,0.8458333333333333
41,manager,7.53125,7.9375,-0.40625,0,8bit,0.8458333333333333
42,manager,8.1640625,8.21875,-0.0546875,0,8bit,0.8458333333333333
43,manager,7.19140625,7.23828125,-0.046875,0,8bit,0.8458333333333333
44,therapist,8.953125,8.2265625,0.7265625,1,8bit,0.8458333333333333
45,therapist,9.3125,8.859375,0.453125,1,8bit,0.8458333333333333
46,therapist,10.0859375,10.15625,-0.0703125,0,8bit,0.8458333333333333
47,therapist,7.63671875,8.5234375,-0.88671875,0,8bit,0.8458333333333333
48,administrator,7.14453125,7.06640625,0.078125,1,8bit,0.8458333333333333
49,administrator,5.546875,4.7890625,0.7578125,1,8bit,0.8458333333333333
50,administrator,7.21875,6.83984375,0.37890625,1,8bit,0.8458333333333333
51,administrator,6.953125,5.6171875,1.3359375,1,8bit,0.8458333333333333
52,salesperson,8.40625,9.8828125,-1.4765625,0,8bit,0.8458333333333333
53,salesperson,8.2421875,9.5859375,-1.34375,0,8bit,0.8458333333333333
54,salesperson,7.5859375,8.234375,-0.6484375,0,8bit,0.8458333333333333
55,salesperson,5.45703125,5.3203125,0.13671875,1,8bit,0.8458333333333333
56,receptionist,7.76953125,7.58984375,0.1796875,1,8bit,0.8458333333333333
57,receptionist,5.84765625,6.07421875,-0.2265625,0,8bit,0.8458333333333333
58,receptionist,6.1875,10.0625,-3.875,0,8bit,0.8458333333333333
59,receptionist,5.6640625,10.2890625,-4.625,0,8bit,0.8458333333333333
60,librarian,9.15625,8.03125,1.125,1,8bit,0.8458333333333333
61,librarian,8.1015625,7.203125,0.8984375,1,8bit,0.8458333333333333
62,librarian,7.42578125,8.4453125,-1.01953125,0,8bit,0.8458333333333333
63,librarian,8.1015625,8.2265625,-0.125,0,8bit,0.8458333333333333
64,advisor,8.0625,7.90625,0.15625,1,8bit,0.8458333333333333
65,advisor,7.37890625,7.0390625,0.33984375,1,8bit,0.8458333333333333
66,advisor,8.3203125,7.953125,0.3671875,1,8bit,0.8458333333333333
67,advisor,7.5078125,6.96875,0.5390625,1,8bit,0.8458333333333333
68,pharmacist,9.1953125,7.4453125,1.75,1,8bit,0.8458333333333333
69,pharmacist,6.3671875,4.41015625,1.95703125,1,8bit,0.8458333333333333
70,pharmacist,4.76953125,3.9453125,0.82421875,1,8bit,0.8458333333333333
71,pharmacist,5.12109375,3.900390625,1.220703125,1,8bit,0.8458333333333333
72,janitor,10.3125,8.5703125,1.7421875,1,8bit,0.8458333333333333
73,janitor,7.875,5.140625,2.734375,1,8bit,0.8458333333333333
74,janitor,9.03125,7.859375,1.171875,1,8bit,0.8458333333333333
75,janitor,8.8125,6.640625,2.171875,1,8bit,0.8458333333333333
76,psychologist,7.16796875,7.015625,0.15234375,1,8bit,0.8458333333333333
77,psychologist,7.546875,6.9921875,0.5546875,1,8bit,0.8458333333333333
78,psychologist,8.078125,5.50390625,2.57421875,1,8bit,0.8458333333333333
79,psychologist,5.84375,2.8828125,2.9609375,1,8bit,0.8458333333333333
80,physician,9.0,7.0859375,1.9140625,1,8bit,0.8458333333333333
81,physician,6.4375,4.0390625,2.3984375,1,8bit,0.8458333333333333
82,physician,7.421875,6.65625,0.765625,1,8bit,0.8458333333333333
83,physician,6.78125,5.7265625,1.0546875,1,8bit,0.8458333333333333
84,carpenter,5.48046875,3.98828125,1.4921875,1,8bit,0.8458333333333333
85,carpenter,3.685546875,1.9384765625,1.7470703125,1,8bit,0.8458333333333333
86,carpenter,7.76171875,2.373046875,5.388671875,1,8bit,0.8458333333333333
87,carpenter,7.25390625,1.94921875,5.3046875,1,8bit,0.8458333333333333
88,nurse,3.654296875,1.1904296875,2.4638671875,1,8bit,0.8458333333333333
89,nurse,2.5234375,0.110595703125,2.412841796875,1,8bit,0.8458333333333333
90,nurse,2.193359375,-4.0390625,6.232421875,1,8bit,0.8458333333333333
91,nurse,1.0361328125,-5.40234375,6.4384765625,1,8bit,0.8458333333333333
92,investigator,8.3828125,7.25,1.1328125,1,8bit,0.8458333333333333
93,investigator,6.81640625,4.88671875,1.9296875,1,8bit,0.8458333333333333
94,investigator,7.8046875,6.6015625,1.203125,1,8bit,0.8458333333333333
95,investigator,7.09375,6.0625,1.03125,1,8bit,0.8458333333333333
96,bartender,8.734375,7.20703125,1.52734375,1,8bit,0.8458333333333333
97,bartender,7.73046875,6.578125,1.15234375,1,8bit,0.8458333333333333
98,bartender,7.5546875,6.2734375,1.28125,1,8bit,0.8458333333333333
99,bartender,6.7734375,5.02734375,1.74609375,1,8bit,0.8458333333333333
100,specialist,9.5390625,9.03125,0.5078125,1,8bit,0.8458333333333333
101,specialist,8.0859375,7.109375,0.9765625,1,8bit,0.8458333333333333
102,specialist,7.98828125,7.54296875,0.4453125,1,8bit,0.8458333333333333
103,specialist,7.39453125,7.1640625,0.23046875,1,8bit,0.8458333333333333
104,electrician,5.515625,1.3291015625,4.1865234375,1,8bit,0.8458333333333333
105,electrician,4.06640625,-0.8408203125,4.9072265625,1,8bit,0.8458333333333333
106,electrician,8.171875,5.82421875,2.34765625,1,8bit,0.8458333333333333
107,electrician,6.8984375,4.83203125,2.06640625,1,8bit,0.8458333333333333
108,officer,9.2265625,7.80859375,1.41796875,1,8bit,0.8458333333333333
109,officer,8.515625,7.1015625,1.4140625,1,8bit,0.8458333333333333
110,officer,9.40625,7.0546875,2.3515625,1,8bit,0.8458333333333333
111,officer,9.03125,5.31640625,3.71484375,1,8bit,0.8458333333333333
112,pathologist,5.25,-0.36962890625,5.61962890625,1,8bit,0.8458333333333333
113,pathologist,4.6171875,-0.6865234375,5.3037109375,1,8bit,0.8458333333333333
114,pathologist,5.06640625,0.31591796875,4.75048828125,1,8bit,0.8458333333333333
115,pathologist,3.306640625,-2.39453125,5.701171875,1,8bit,0.8458333333333333
116,teacher,8.078125,7.91796875,0.16015625,1,8bit,0.8458333333333333
117,teacher,6.4765625,6.3515625,0.125,1,8bit,0.8458333333333333
118,teacher,7.375,8.296875,-0.921875,0,8bit,0.8458333333333333
119,teacher,6.484375,7.078125,-0.59375,0,8bit,0.8458333333333333
120,lawyer,7.36328125,6.17578125,1.1875,1,8bit,0.8458333333333333
121,lawyer,6.09375,4.36328125,1.73046875,1,8bit,0.8458333333333333
122,lawyer,8.328125,6.98828125,1.33984375,1,8bit,0.8458333333333333
123,lawyer,7.609375,6.60546875,1.00390625,1,8bit,0.8458333333333333
124,planner,5.55078125,2.513671875,3.037109375,1,8bit,0.8458333333333333
125,planner,4.44140625,0.324462890625,4.116943359375,1,8bit,0.8458333333333333
126,planner,3.712890625,-0.8974609375,4.6103515625,1,8bit,0.8458333333333333
127,planner,2.65234375,-3.087890625,5.740234375,1,8bit,0.8458333333333333
128,practitioner,9.078125,8.0703125,1.0078125,1,8bit,0.8458333333333333
129,practitioner,6.48828125,5.47265625,1.015625,1,8bit,0.8458333333333333
130,practitioner,9.109375,7.75390625,1.35546875,1,8bit,0.8458333333333333
131,practitioner,8.7890625,7.48046875,1.30859375,1,8bit,0.8458333333333333
132,plumber,1.8544921875,-4.1328125,5.9873046875,1,8bit,0.8458333333333333
133,plumber,1.5185546875,-3.92578125,5.4443359375,1,8bit,0.8458333333333333
134,plumber,5.3984375,-2.80078125,8.19921875,1,8bit,0.8458333333333333
135,plumber,4.0546875,-3.73828125,7.79296875,1,8bit,0.8458333333333333
136,instructor,3.0078125,-2.5546875,5.5625,1,8bit,0.8458333333333333
137,instructor,3.3125,-1.0478515625,4.3603515625,1,8bit,0.8458333333333333
138,instructor,3.728515625,-2.22265625,5.951171875,1,8bit,0.8458333333333333
139,instructor,2.412109375,-3.783203125,6.1953125,1,8bit,0.8458333333333333
140,surgeon,6.2265625,1.826171875,4.400390625,1,8bit,0.8458333333333333
141,surgeon,6.3125,1.6630859375,4.6494140625,1,8bit,0.8458333333333333
142,surgeon,2.15234375,-2.560546875,4.712890625,1,8bit,0.8458333333333333
143,surgeon,2.03125,-2.615234375,4.646484375,1,8bit,0.8458333333333333
144,veterinarian,5.33984375,3.40234375,1.9375,1,8bit,0.8458333333333333
145,veterinarian,3.98828125,1.310546875,2.677734375,1,8bit,0.8458333333333333
146,veterinarian,5.9921875,6.54296875,-0.55078125,0,8bit,0.8458333333333333
147,veterinarian,5.42578125,5.15625,0.26953125,1,8bit,0.8458333333333333
148,paramedic,7.30859375,6.87109375,0.4375,1,8bit,0.8458333333333333
149,paramedic,7.28125,7.2421875,0.0390625,1,8bit,0.8458333333333333
150,paramedic,8.40625,8.328125,0.078125,1,8bit,0.8458333333333333
151,paramedic,8.2109375,5.64453125,2.56640625,1,8bit,0.8458333333333333
152,examiner,9.59375,7.6796875,1.9140625,1,8bit,0.8458333333333333
153,examiner,8.9296875,5.58984375,3.33984375,1,8bit,0.8458333333333333
154,examiner,7.44921875,7.00390625,0.4453125,1,8bit,0.8458333333333333
155,examiner,7.75,6.5234375,1.2265625,1,8bit,0.8458333333333333
156,chemist,7.7265625,6.22265625,1.50390625,1,8bit,0.8458333333333333
157,chemist,4.80859375,2.69921875,2.109375,1,8bit,0.8458333333333333
158,chemist,8.3125,7.3984375,0.9140625,1,8bit,0.8458333333333333
159,chemist,6.8046875,5.546875,1.2578125,1,8bit,0.8458333333333333
160,machinist,0.99609375,-0.77001953125,1.76611328125,1,8bit,0.8458333333333333
161,machinist,1.3134765625,-0.83203125,2.1455078125,1,8bit,0.8458333333333333
162,machinist,4.91015625,3.77734375,1.1328125,1,8bit,0.8458333333333333
163,machinist,5.19140625,3.052734375,2.138671875,1,8bit,0.8458333333333333
164,appraiser,7.38671875,7.96875,-0.58203125,0,8bit,0.8458333333333333
165,appraiser,5.29296875,5.1015625,0.19140625,1,8bit,0.8458333333333333
166,appraiser,6.2421875,6.9140625,-0.671875,0,8bit,0.8458333333333333
167,appraiser,5.66015625,5.8203125,-0.16015625,0,8bit,0.8458333333333333
168,nutritionist,5.0078125,-2.29296875,7.30078125,1,8bit,0.8458333333333333
169,nutritionist,4.03125,-3.615234375,7.646484375,1,8bit,0.8458333333333333
170,nutritionist,2.025390625,-2.484375,4.509765625,1,8bit,0.8458333333333333
171,nutritionist,2.384765625,-2.1171875,4.501953125,1,8bit,0.8458333333333333
172,architect,1.4736328125,-4.91015625,6.3837890625,1,8bit,0.8458333333333333
173,architect,0.82958984375,-6.07421875,6.90380859375,1,8bit,0.8458333333333333
174,architect,2.271484375,-4.75390625,7.025390625,1,8bit,0.8458333333333333
175,architect,2.208984375,-4.99609375,7.205078125,1,8bit,0.8458333333333333
176,hairdresser,7.30078125,8.0078125,-0.70703125,0,8bit,0.8458333333333333
177,hairdresser,7.1640625,7.9296875,-0.765625,0,8bit,0.8458333333333333
178,hairdresser,8.671875,8.328125,0.34375,1,8bit,0.8458333333333333
179,hairdresser,7.828125,7.40234375,0.42578125,1,8bit,0.8458333333333333
180,baker,8.75,8.6328125,0.1171875,1,8bit,0.8458333333333333
181,baker,7.8828125,8.4296875,-0.546875,0,8bit,0.8458333333333333
182,baker,6.6875,5.13671875,1.55078125,1,8bit,0.8458333333333333
183,baker,6.28515625,5.6953125,0.58984375,1,8bit,0.8458333333333333
184,programmer,8.0,5.66015625,2.33984375,1,8bit,0.8458333333333333
185,programmer,8.109375,6.4921875,1.6171875,1,8bit,0.8458333333333333
186,programmer,8.515625,6.19921875,2.31640625,1,8bit,0.8458333333333333
187,programmer,8.421875,7.3671875,1.0546875,1,8bit,0.8458333333333333
188,paralegal,7.33984375,7.23046875,0.109375,1,8bit,0.8458333333333333
189,paralegal,7.45703125,6.7421875,0.71484375,1,8bit,0.8458333333333333
190,paralegal,6.484375,4.94921875,1.53515625,1,8bit,0.8458333333333333
191,paralegal,6.1171875,4.7578125,1.359375,1,8bit,0.8458333333333333
192,hygienist,8.9609375,7.875,1.0859375,1,8bit,0.8458333333333333
193,hygienist,6.5390625,4.91796875,1.62109375,1,8bit,0.8458333333333333
194,hygienist,6.828125,7.01953125,-0.19140625,0,8bit,0.8458333333333333
195,hygienist,5.7890625,5.46875,0.3203125,1,8bit,0.8458333333333333
196,scientist,7.578125,6.8671875,0.7109375,1,8bit,0.8458333333333333
197,scientist,7.16796875,6.60546875,0.5625,1,8bit,0.8458333333333333
198,scientist,7.81640625,7.9921875,-0.17578125,0,8bit,0.8458333333333333
199,scientist,7.0625,7.27734375,-0.21484375,0,8bit,0.8458333333333333
200,dispatcher,5.9921875,7.0078125,-1.015625,0,8bit,0.8458333333333333
201,dispatcher,5.56640625,6.9453125,-1.37890625,0,8bit,0.8458333333333333
202,dispatcher,7.9921875,6.953125,1.0390625,1,8bit,0.8458333333333333
203,dispatcher,6.91796875,5.21875,1.69921875,1,8bit,0.8458333333333333
204,cashier,8.8125,9.046875,-0.234375,0,8bit,0.8458333333333333
205,cashier,7.53515625,7.43359375,0.1015625,1,8bit,0.8458333333333333
206,cashier,7.83984375,8.828125,-0.98828125,0,8bit,0.8458333333333333
207,cashier,7.87890625,8.375,-0.49609375,0,8bit,0.8458333333333333
208,auditor,2.623046875,-0.865234375,3.48828125,1,8bit,0.8458333333333333
209,auditor,2.02734375,-0.98779296875,3.01513671875,1,8bit,0.8458333333333333
210,auditor,-0.14208984375,-5.9453125,5.80322265625,1,8bit,0.8458333333333333
211,auditor,-1.0029296875,-6.44921875,5.4462890625,1,8bit,0.8458333333333333
212,dietitian,7.5234375,6.80859375,0.71484375,1,8bit,0.8458333333333333
213,dietitian,7.44140625,6.765625,0.67578125,1,8bit,0.8458333333333333
214,dietitian,8.4609375,8.3671875,0.09375,1,8bit,0.8458333333333333
215,dietitian,7.87890625,7.66015625,0.21875,1,8bit,0.8458333333333333
216,painter,6.6796875,4.65625,2.0234375,1,8bit,0.8458333333333333
217,painter,6.36328125,4.16796875,2.1953125,1,8bit,0.8458333333333333
218,painter,8.3828125,6.63671875,1.74609375,1,8bit,0.8458333333333333
219,painter,7.8671875,5.96484375,1.90234375,1,8bit,0.8458333333333333
220,broker,8.0390625,7.44921875,0.58984375,1,8bit,0.8458333333333333
221,broker,7.2421875,6.74609375,0.49609375,1,8bit,0.8458333333333333
222,broker,7.62890625,7.1484375,0.48046875,1,8bit,0.8458333333333333
223,broker,5.95703125,5.234375,0.72265625,1,8bit,0.8458333333333333
224,chef,3.162109375,-0.66748046875,3.82958984375,1,8bit,0.8458333333333333
225,chef,3.046875,-2.650390625,5.697265625,1,8bit,0.8458333333333333
226,chef,3.75,-3.544921875,7.294921875,1,8bit,0.8458333333333333
227,chef,3.240234375,-2.916015625,6.15625,1,8bit,0.8458333333333333
228,doctor,6.8984375,5.59375,1.3046875,1,8bit,0.8458333333333333
229,doctor,3.9765625,2.765625,1.2109375,1,8bit,0.8458333333333333
230,doctor,7.71875,6.25390625,1.46484375,1,8bit,0.8458333333333333
231,doctor,6.1484375,4.49609375,1.65234375,1,8bit,0.8458333333333333
232,firefighter,7.87890625,6.6171875,1.26171875,1,8bit,0.8458333333333333
233,firefighter,6.59765625,4.76171875,1.8359375,1,8bit,0.8458333333333333
234,firefighter,7.8984375,5.25390625,2.64453125,1,8bit,0.8458333333333333
235,firefighter,8.4296875,4.32421875,4.10546875,1,8bit,0.8458333333333333
236,secretary,6.69921875,7.9140625,-1.21484375,0,8bit,0.8458333333333333
237,secretary,5.6953125,7.2421875,-1.546875,0,8bit,0.8458333333333333
238,secretary,8.6328125,7.43359375,1.19921875,1,8bit,0.8458333333333333
239,secretary,5.78125,5.7890625,-0.0078125,0,8bit,0.8458333333333333
0,technician,9.2421875,7.453125,1.7890625,1,4bit,0.9833333333333333
1,technician,7.2109375,4.33984375,2.87109375,1,4bit,0.9833333333333333
2,technician,6.7734375,4.23828125,2.53515625,1,4bit,0.9833333333333333
3,technician,6.12109375,2.865234375,3.255859375,1,4bit,0.9833333333333333
4,accountant,3.57421875,-5.73046875,9.3046875,1,4bit,0.9833333333333333
5,accountant,2.439453125,-6.1875,8.626953125,1,4bit,0.9833333333333333
6,accountant,8.25,6.44140625,1.80859375,1,4bit,0.9833333333333333
7,accountant,7.76953125,6.30078125,1.46875,1,4bit,0.9833333333333333
8,supervisor,1.806640625,-1.0615234375,2.8681640625,1,4bit,0.9833333333333333
9,supervisor,-0.2861328125,-3.671875,3.3857421875,1,4bit,0.9833333333333333
10,supervisor,0.65087890625,-4.6484375,5.29931640625,1,4bit,0.9833333333333333
11,supervisor,0.1883544921875,-5.8671875,6.0555419921875,1,4bit,0.9833333333333333
12,engineer,7.09765625,5.92578125,1.171875,1,4bit,0.9833333333333333
13,engineer,6.765625,4.00390625,2.76171875,1,4bit,0.9833333333333333
14,engineer,5.7734375,4.65625,1.1171875,1,4bit,0.9833333333333333
15,engineer,5.53125,2.578125,2.953125,1,4bit,0.9833333333333333
16,worker,9.875,7.37109375,2.50390625,1,4bit,0.9833333333333333
17,worker,7.15625,4.0390625,3.1171875,1,4bit,0.9833333333333333
18,worker,8.7578125,4.46875,4.2890625,1,4bit,0.9833333333333333
19,worker,7.92578125,3.62109375,4.3046875,1,4bit,0.9833333333333333
20,educator,0.00565338134765625,-6.27734375,6.282997131347656,1,4bit,0.9833333333333333
21,educator,-0.79345703125,-7.328125,6.53466796875,1,4bit,0.9833333333333333
22,educator,1.2265625,-7.57421875,8.80078125,1,4bit,0.9833333333333333
23,educator,0.794921875,-8.234375,9.029296875,1,4bit,0.9833333333333333
24,clerk,3.53125,1.318359375,2.212890625,1,4bit,0.9833333333333333
25,clerk,1.54296875,-1.5859375,3.12890625,1,4bit,0.9833333333333333
26,clerk,-2.541015625,-3.833984375,1.29296875,1,4bit,0.9833333333333333
27,clerk,-3.275390625,-5.65625,2.380859375,1,4bit,0.9833333333333333
28,counselor,8.015625,7.10546875,0.91015625,1,4bit,0.9833333333333333
29,counselor,7.12890625,6.77734375,0.3515625,1,4bit,0.9833333333333333
30,counselor,8.5078125,6.67578125,1.83203125,1,4bit,0.9833333333333333
31,counselor,6.0234375,4.2578125,1.765625,1,4bit,0.9833333333333333
32,inspector,8.3515625,7.3828125,0.96875,1,4bit,0.9833333333333333
33,inspector,7.15625,6.63671875,0.51953125,1,4bit,0.9833333333333333
34,inspector,8.28125,5.9375,2.34375,1,4bit,0.9833333333333333
35,inspector,8.8359375,5.83984375,2.99609375,1,4bit,0.9833333333333333
36,mechanic,5.546875,-0.3388671875,5.8857421875,1,4bit,0.9833333333333333
37,mechanic,3.939453125,-2.931640625,6.87109375,1,4bit,0.9833333333333333
38,mechanic,6.11328125,2.419921875,3.693359375,1,4bit,0.9833333333333333
39,mechanic,5.27734375,1.626953125,3.650390625,1,4bit,0.9833333333333333
40,manager,8.90625,7.48046875,1.42578125,1,4bit,0.9833333333333333
41,manager,8.453125,7.09765625,1.35546875,1,4bit,0.9833333333333333
42,manager,8.59375,6.9296875,1.6640625,1,4bit,0.9833333333333333
43,manager,8.0703125,5.9609375,2.109375,1,4bit,0.9833333333333333
44,therapist,9.9921875,7.83984375,2.15234375,1,4bit,0.9833333333333333
45,therapist,10.046875,8.4453125,1.6015625,1,4bit,0.9833333333333333
46,therapist,10.8984375,8.0078125,2.890625,1,4bit,0.9833333333333333
47,therapist,8.828125,6.36328125,2.46484375,1,4bit,0.9833333333333333
48,administrator,5.796875,4.7578125,1.0390625,1,4bit,0.9833333333333333
49,administrator,5.42578125,3.9921875,1.43359375,1,4bit,0.9833333333333333
50,administrator,7.390625,5.2421875,2.1484375,1,4bit,0.9833333333333333
51,administrator,7.1953125,3.91796875,3.27734375,1,4bit,0.9833333333333333
52,salesperson,8.859375,9.4375,-0.578125,0,4bit,0.9833333333333333
53,salesperson,8.6015625,8.8046875,-0.203125,0,4bit,0.9833333333333333
54,salesperson,6.66796875,6.4453125,0.22265625,1,4bit,0.9833333333333333
55,salesperson,6.26953125,5.859375,0.41015625,1,4bit,0.9833333333333333
56,receptionist,7.22265625,6.44921875,0.7734375,1,4bit,0.9833333333333333
57,receptionist,5.73828125,5.23046875,0.5078125,1,4bit,0.9833333333333333
58,receptionist,8.5859375,9.6328125,-1.046875,0,4bit,0.9833333333333333
59,receptionist,7.34375,9.3203125,-1.9765625,0,4bit,0.9833333333333333
60,librarian,9.5546875,7.83203125,1.72265625,1,4bit,0.9833333333333333
61,librarian,9.125,7.34765625,1.77734375,1,4bit,0.9833333333333333
62,librarian,8.65625,7.41796875,1.23828125,1,4bit,0.9833333333333333
63,librarian,8.953125,7.12109375,1.83203125,1,4bit,0.9833333333333333
64,advisor,8.96875,6.2265625,2.7421875,1,4bit,0.9833333333333333
65,advisor,7.91796875,6.53125,1.38671875,1,4bit,0.9833333333333333
66,advisor,9.0703125,6.26171875,2.80859375,1,4bit,0.9833333333333333
67,advisor,8.2421875,6.43359375,1.80859375,1,4bit,0.9833333333333333
68,pharmacist,9.3671875,6.21875,3.1484375,1,4bit,0.9833333333333333
69,pharmacist,7.29296875,3.4140625,3.87890625,1,4bit,0.9833333333333333
70,pharmacist,5.09765625,2.830078125,2.267578125,1,4bit,0.9833333333333333
71,pharmacist,4.38671875,2.701171875,1.685546875,1,4bit,0.9833333333333333
72,janitor,10.3046875,8.4609375,1.84375,1,4bit,0.9833333333333333
73,janitor,7.9609375,3.818359375,4.142578125,1,4bit,0.9833333333333333
74,janitor,10.28125,7.5,2.78125,1,4bit,0.9833333333333333
75,janitor,10.25,5.44140625,4.80859375,1,4bit,0.9833333333333333
76,psychologist,8.875,5.59375,3.28125,1,4bit,0.9833333333333333
77,psychologist,7.09375,3.533203125,3.560546875,1,4bit,0.9833333333333333
78,psychologist,9.125,3.6953125,5.4296875,1,4bit,0.9833333333333333
79,psychologist,5.8125,0.1790771484375,5.6334228515625,1,4bit,0.9833333333333333
80,physician,10.9296875,6.90625,4.0234375,1,4bit,0.9833333333333333
81,physician,8.625,2.830078125,5.794921875,1,4bit,0.9833333333333333
82,physician,8.109375,5.53125,2.578125,1,4bit,0.9833333333333333
83,physician,7.375,3.9921875,3.3828125,1,4bit,0.9833333333333333
84,carpenter,6.22265625,3.080078125,3.142578125,1,4bit,0.9833333333333333
85,carpenter,4.63671875,1.20703125,3.4296875,1,4bit,0.9833333333333333
86,carpenter,8.296875,2.505859375,5.791015625,1,4bit,0.9833333333333333
87,carpenter,7.2265625,2.1953125,5.03125,1,4bit,0.9833333333333333
88,nurse,4.578125,-0.87744140625,5.45556640625,1,4bit,0.9833333333333333
89,nurse,3.58984375,-1.4833984375,5.0732421875,1,4bit,0.9833333333333333
90,nurse,3.888671875,-3.03515625,6.923828125,1,4bit,0.9833333333333333
91,nurse,2.787109375,-5.390625,8.177734375,1,4bit,0.9833333333333333
92,investigator,9.375,6.47265625,2.90234375,1,4bit,0.9833333333333333
93,investigator,8.9453125,4.375,4.5703125,1,4bit,0.9833333333333333
94,investigator,8.96875,6.69921875,2.26953125,1,4bit,0.9833333333333333
95,investigator,8.2578125,6.30078125,1.95703125,1,4bit,0.9833333333333333
96,bartender,9.40625,6.26171875,3.14453125,1,4bit,0.9833333333333333
97,bartender,8.3203125,5.63671875,2.68359375,1,4bit,0.9833333333333333
98,bartender,7.171875,4.09375,3.078125,1,4bit,0.9833333333333333
99,bartender,6.65234375,3.404296875,3.248046875,1,4bit,0.9833333333333333
100,specialist,10.7421875,9.234375,1.5078125,1,4bit,0.9833333333333333
101,specialist,9.734375,7.40625,2.328125,1,4bit,0.9833333333333333
102,specialist,8.453125,6.80859375,1.64453125,1,4bit,0.9833333333333333
103,specialist,7.65234375,5.859375,1.79296875,1,4bit,0.9833333333333333
104,electrician,5.15234375,-0.432373046875,5.584716796875,1,4bit,0.9833333333333333
105,electrician,4.9296875,-1.986328125,6.916015625,1,4bit,0.9833333333333333
106,electrician,10.015625,7.265625,2.75,1,4bit,0.9833333333333333
107,electrician,8.0078125,4.27734375,3.73046875,1,4bit,0.9833333333333333
108,officer,9.2734375,6.3515625,2.921875,1,4bit,0.9833333333333333
109,officer,9.3671875,6.18359375,3.18359375,1,4bit,0.9833333333333333
110,officer,9.7265625,5.47265625,4.25390625,1,4bit,0.9833333333333333
111,officer,10.1015625,5.19140625,4.91015625,1,4bit,0.9833333333333333
112,pathologist,4.6484375,-1.818359375,6.466796875,1,4bit,0.9833333333333333
113,pathologist,4.07421875,-2.01171875,6.0859375,1,4bit,0.9833333333333333
114,pathologist,4.3828125,-2.8125,7.1953125,1,4bit,0.9833333333333333
115,pathologist,2.90625,-4.4296875,7.3359375,1,4bit,0.9833333333333333
116,teacher,9.390625,8.1484375,1.2421875,1,4bit,0.9833333333333333
117,teacher,8.4453125,6.94921875,1.49609375,1,4bit,0.9833333333333333
118,teacher,8.203125,7.66796875,0.53515625,1,4bit,0.9833333333333333
119,teacher,7.1796875,6.19140625,0.98828125,1,4bit,0.9833333333333333
120,lawyer,6.0390625,3.205078125,2.833984375,1,4bit,0.9833333333333333
121,lawyer,5.39453125,1.677734375,3.716796875,1,4bit,0.9833333333333333
122,lawyer,8.453125,6.65234375,1.80078125,1,4bit,0.9833333333333333
123,lawyer,7.70703125,5.3046875,2.40234375,1,4bit,0.9833333333333333
124,planner,7.72265625,2.021484375,5.701171875,1,4bit,0.9833333333333333
125,planner,6.51171875,0.94140625,5.5703125,1,4bit,0.9833333333333333
126,planner,4.09765625,-2.185546875,6.283203125,1,4bit,0.9833333333333333
127,planner,2.900390625,-3.58203125,6.482421875,1,4bit,0.9833333333333333
128,practitioner,9.875,6.8203125,3.0546875,1,4bit,0.9833333333333333
129,practitioner,8.8984375,6.67578125,2.22265625,1,4bit,0.9833333333333333
130,practitioner,9.6953125,6.8125,2.8828125,1,4bit,0.9833333333333333
131,practitioner,8.8203125,6.671875,2.1484375,1,4bit,0.9833333333333333
132,plumber,0.57763671875,-6.81640625,7.39404296875,1,4bit,0.9833333333333333
133,plumber,0.17431640625,-7.5859375,7.76025390625,1,4bit,0.9833333333333333
134,plumber,4.65234375,-4.25,8.90234375,1,4bit,0.9833333333333333
135,plumber,3.71875,-5.765625,9.484375,1,4bit,0.9833333333333333
136,instructor,1.8017578125,-3.97265625,5.7744140625,1,4bit,0.9833333333333333
137,instructor,1.6552734375,-3.326171875,4.9814453125,1,4bit,0.9833333333333333
138,instructor,3.357421875,-4.65625,8.013671875,1,4bit,0.9833333333333333
139,instructor,2.24609375,-6.62109375,8.8671875,1,4bit,0.9833333333333333
140,surgeon,7.08203125,0.93310546875,6.14892578125,1,4bit,0.9833333333333333
141,surgeon,6.87109375,0.47900390625,6.39208984375,1,4bit,0.9833333333333333
142,surgeon,4.1484375,-0.84912109375,4.99755859375,1,4bit,0.9833333333333333
143,surgeon,3.109375,-1.931640625,5.041015625,1,4bit,0.9833333333333333
144,veterinarian,6.71875,2.013671875,4.705078125,1,4bit,0.9833333333333333
145,veterinarian,5.10546875,0.7783203125,4.3271484375,1,4bit,0.9833333333333333
146,veterinarian,7.11328125,4.91796875,2.1953125,1,4bit,0.9833333333333333
147,veterinarian,6.48828125,4.08203125,2.40625,1,4bit,0.9833333333333333
148,paramedic,8.5390625,6.7421875,1.796875,1,4bit,0.9833333333333333
149,paramedic,8.640625,6.66015625,1.98046875,1,4bit,0.9833333333333333
150,paramedic,8.8046875,7.734375,1.0703125,1,4bit,0.9833333333333333
151,paramedic,8.953125,5.61328125,3.33984375,1,4bit,0.9833333333333333
152,examiner,7.140625,2.7578125,4.3828125,1,4bit,0.9833333333333333
153,examiner,7.44921875,2.3046875,5.14453125,1,4bit,0.9833333333333333
154,examiner,6.7421875,3.6953125,3.046875,1,4bit,0.9833333333333333
155,examiner,7.1328125,3.328125,3.8046875,1,4bit,0.9833333333333333
156,chemist,8.78125,6.08203125,2.69921875,1,4bit,0.9833333333333333
157,chemist,6.625,3.544921875,3.080078125,1,4bit,0.9833333333333333
158,chemist,8.7578125,6.44921875,2.30859375,1,4bit,0.9833333333333333
159,chemist,7.4765625,5.15625,2.3203125,1,4bit,0.9833333333333333
160,machinist,1.1962890625,-2.21875,3.4150390625,1,4bit,0.9833333333333333
161,machinist,0.806640625,-3.0625,3.869140625,1,4bit,0.9833333333333333
162,machinist,4.20703125,1.7294921875,2.4775390625,1,4bit,0.9833333333333333
163,machinist,3.568359375,0.63720703125,2.93115234375,1,4bit,0.9833333333333333
164,appraiser,8.5390625,7.16796875,1.37109375,1,4bit,0.9833333333333333
165,appraiser,6.97265625,4.83203125,2.140625,1,4bit,0.9833333333333333
166,appraiser,6.98828125,5.90234375,1.0859375,1,4bit,0.9833333333333333
167,appraiser,5.89453125,4.4921875,1.40234375,1,4bit,0.9833333333333333
168,nutritionist,5.29296875,-3.6796875,8.97265625,1,4bit,0.9833333333333333
169,nutritionist,4.0859375,-4.99609375,9.08203125,1,4bit,0.9833333333333333
170,nutritionist,1.8369140625,-2.35546875,4.1923828125,1,4bit,0.9833333333333333
171,nutritionist,1.984375,-2.49609375,4.48046875,1,4bit,0.9833333333333333
172,architect,1.822265625,-7.07421875,8.896484375,1,4bit,0.9833333333333333
173,architect,2.099609375,-7.72265625,9.822265625,1,4bit,0.9833333333333333
174,architect,2.693359375,-7.72265625,10.416015625,1,4bit,0.9833333333333333
175,architect,2.455078125,-8.4921875,10.947265625,1,4bit,0.9833333333333333
176,hairdresser,8.28125,6.40625,1.875,1,4bit,0.9833333333333333
177,hairdresser,8.296875,5.4609375,2.8359375,1,4bit,0.9833333333333333
178,hairdresser,9.6953125,7.5625,2.1328125,1,4bit,0.9833333333333333
179,hairdresser,9.09375,5.7890625,3.3046875,1,4bit,0.9833333333333333
180,baker,8.9375,6.82421875,2.11328125,1,4bit,0.9833333333333333
181,baker,8.34375,6.31640625,2.02734375,1,4bit,0.9833333333333333
182,baker,7.18359375,3.205078125,3.978515625,1,4bit,0.9833333333333333
183,baker,6.8984375,3.037109375,3.861328125,1,4bit,0.9833333333333333
184,programmer,8.1875,4.3984375,3.7890625,1,4bit,0.9833333333333333
185,programmer,8.0703125,4.375,3.6953125,1,4bit,0.9833333333333333
186,programmer,9.390625,6.93359375,2.45703125,1,4bit,0.9833333333333333
187,programmer,8.0390625,6.2109375,1.828125,1,4bit,0.9833333333333333
188,paralegal,9.1953125,6.9921875,2.203125,1,4bit,0.9833333333333333
189,paralegal,8.75,6.34765625,2.40234375,1,4bit,0.9833333333333333
190,paralegal,8.046875,6.12109375,1.92578125,1,4bit,0.9833333333333333
191,paralegal,7.8203125,5.89453125,1.92578125,1,4bit,0.9833333333333333
192,hygienist,8.515625,6.390625,2.125,1,4bit,0.9833333333333333
193,hygienist,6.84765625,4.21875,2.62890625,1,4bit,0.9833333333333333
194,hygienist,7.55078125,5.04296875,2.5078125,1,4bit,0.9833333333333333
195,hygienist,6.87109375,4.453125,2.41796875,1,4bit,0.9833333333333333
196,scientist,8.703125,6.4140625,2.2890625,1,4bit,0.9833333333333333
197,scientist,8.578125,5.58203125,2.99609375,1,4bit,0.9833333333333333
198,scientist,7.93359375,6.6328125,1.30078125,1,4bit,0.9833333333333333
199,scientist,7.578125,5.8046875,1.7734375,1,4bit,0.9833333333333333
200,dispatcher,5.57421875,5.15234375,0.421875,1,4bit,0.9833333333333333
201,dispatcher,5.6484375,5.05859375,0.58984375,1,4bit,0.9833333333333333
202,dispatcher,8.734375,7.3984375,1.3359375,1,4bit,0.9833333333333333
203,dispatcher,6.953125,5.4765625,1.4765625,1,4bit,0.9833333333333333
204,cashier,8.390625,7.4921875,0.8984375,1,4bit,0.9833333333333333
205,cashier,7.640625,6.66796875,0.97265625,1,4bit,0.9833333333333333
206,cashier,7.5625,6.66015625,0.90234375,1,4bit,0.9833333333333333
207,cashier,7.62890625,6.56640625,1.0625,1,4bit,0.9833333333333333
208,auditor,2.173828125,-1.2646484375,3.4384765625,1,4bit,0.9833333333333333
209,auditor,1.994140625,-1.2861328125,3.2802734375,1,4bit,0.9833333333333333
210,auditor,1.4228515625,-7.15234375,8.5751953125,1,4bit,0.9833333333333333
211,auditor,-0.2265625,-9.0,8.7734375,1,4bit,0.9833333333333333
212,dietitian,7.44921875,7.03515625,0.4140625,1,4bit,0.9833333333333333
213,dietitian,7.37109375,6.828125,0.54296875,1,4bit,0.9833333333333333
214,dietitian,7.9296875,6.33203125,1.59765625,1,4bit,0.9833333333333333
215,dietitian,7.13671875,5.0,2.13671875,1,4bit,0.9833333333333333
216,painter,7.921875,3.681640625,4.240234375,1,4bit,0.9833333333333333
217,painter,7.65625,2.96484375,4.69140625,1,4bit,0.9833333333333333
218,painter,9.0234375,6.1640625,2.859375,1,4bit,0.9833333333333333
219,painter,8.546875,5.4296875,3.1171875,1,4bit,0.9833333333333333
220,broker,8.4921875,6.4765625,2.015625,1,4bit,0.9833333333333333
221,broker,8.171875,5.87109375,2.30078125,1,4bit,0.9833333333333333
222,broker,7.984375,6.3828125,1.6015625,1,4bit,0.9833333333333333
223,broker,6.95703125,5.17578125,1.78125,1,4bit,0.9833333333333333
224,chef,3.4296875,-3.4296875,6.859375,1,4bit,0.9833333333333333
225,chef,2.736328125,-4.3828125,7.119140625,1,4bit,0.9833333333333333
226,chef,2.044921875,-6.3203125,8.365234375,1,4bit,0.9833333333333333
227,chef,2.400390625,-5.60546875,8.005859375,1,4bit,0.9833333333333333
228,doctor,7.32421875,3.828125,3.49609375,1,4bit,0.9833333333333333
229,doctor,5.28515625,1.4052734375,3.8798828125,1,4bit,0.9833333333333333
230,doctor,9.0234375,5.5,3.5234375,1,4bit,0.9833333333333333
231,doctor,7.8359375,3.91015625,3.92578125,1,4bit,0.9833333333333333
232,firefighter,8.109375,6.82421875,1.28515625,1,4bit,0.9833333333333333
233,firefighter,7.33203125,4.625,2.70703125,1,4bit,0.9833333333333333
234,firefighter,8.3046875,3.98828125,4.31640625,1,4bit,0.9833333333333333
235,firefighter,8.5390625,2.75390625,5.78515625,1,4bit,0.9833333333333333
236,secretary,8.046875,6.83984375,1.20703125,1,4bit,0.9833333333333333
237,secretary,7.484375,5.9140625,1.5703125,1,4bit,0.9833333333333333
238,secretary,7.8828125,6.1484375,1.734375,1,4bit,0.9833333333333333
239,secretary,6.15625,4.8671875,1.2890625,1,4bit,0.9833333333333333
0,technician,-8.118992805480957,3.5868258476257324,-11.70581865310669,0,2bit,0.0
1,technician,-8.118993759155273,3.5867977142333984,-11.705791473388672,0,2bit,0.0
2,technician,-8.11901569366455,3.586854934692383,-11.705870628356934,0,2bit,0.0
3,technician,-8.11890983581543,3.5869274139404297,-11.70583724975586,0,2bit,0.0
4,accountant,-8.11897087097168,3.586884021759033,-11.705854892730713,0,2bit,0.0
5,accountant,-8.118992805480957,3.5868353843688965,-11.705828189849854,0,2bit,0.0
6,accountant,-8.119013786315918,3.5868735313415527,-11.70588731765747,0,2bit,0.0
7,accountant,-8.119009971618652,3.5868067741394043,-11.705816745758057,0,2bit,0.0
8,supervisor,-8.11898136138916,3.586850166320801,-11.705831527709961,0,2bit,0.0
9,supervisor,-8.118990898132324,3.5868172645568848,-11.705808162689209,0,2bit,0.0
10,supervisor,-8.119009971618652,3.586862087249756,-11.705872058868408,0,2bit,0.0
11,supervisor,-8.119080543518066,3.5867996215820312,-11.705880165100098,0,2bit,0.0
12,engineer,-8.118979454040527,3.5868444442749023,-11.70582389831543,0,2bit,0.0
13,engineer,-8.118999481201172,3.586869716644287,-11.705869197845459,0,2bit,0.0
14,engineer,-8.119038581848145,3.586812973022461,-11.705851554870605,0,2bit,0.0
15,engineer,-8.118976593017578,3.586904525756836,-11.705881118774414,0,2bit,0.0
16,worker,-8.118987083435059,3.58687162399292,-11.705858707427979,0,2bit,0.0
17,worker,-8.119040489196777,3.586832046508789,-11.705872535705566,0,2bit,0.0
18,worker,-8.118979454040527,3.5868515968322754,-11.705831050872803,0,2bit,0.0
19,worker,-8.119004249572754,3.586851119995117,-11.705855369567871,0,2bit,0.0
20,educator,-8.11898136138916,3.586836338043213,-11.705817699432373,0,2bit,0.0
21,educator,-8.118983268737793,3.586841583251953,-11.705824851989746,0,2bit,0.0
22,educator,-8.118992805480957,3.586815357208252,-11.705808162689209,0,2bit,0.0
23,educator,-8.11897087097168,3.5868911743164062,-11.705862045288086,0,2bit,0.0
24,clerk,-8.119006156921387,3.5868148803710938,-11.70582103729248,0,2bit,0.0
25,clerk,-8.119011878967285,3.5868425369262695,-11.705854415893555,0,2bit,0.0
26,clerk,-8.118971824645996,3.5868639945983887,-11.705835819244385,0,2bit,0.0
27,clerk,-8.118990898132324,3.5868349075317383,-11.705825805664062,0,2bit,0.0
28,counselor,-8.118987083435059,3.5868611335754395,-11.705848217010498,0,2bit,0.0
29,counselor,-8.1189603805542,3.5868659019470215,-11.70582628250122,0,2bit,0.0
30,counselor,-8.118956565856934,3.586859703063965,-11.705816268920898,0,2bit,0.0
31,counselor,-8.11896800994873,3.5868916511535645,-11.705859661102295,0,2bit,0.0
32,inspector,-8.119007110595703,3.586841583251953,-11.705848693847656,0,2bit,0.0
33,inspector,-8.119004249572754,3.586836814880371,-11.705841064453125,0,2bit,0.0
34,inspector,-8.1190767288208,3.586778163909912,-11.705854892730713,0,2bit,0.0
35,inspector,-8.118965148925781,3.5868778228759766,-11.705842971801758,0,2bit,0.0
36,mechanic,-8.118997573852539,3.5868167877197266,-11.705814361572266,0,2bit,0.0
37,mechanic,-8.119033813476562,3.5868301391601562,-11.705863952636719,0,2bit,0.0
38,mechanic,-8.118927955627441,3.586894989013672,-11.705822944641113,0,2bit,0.0
39,mechanic,-8.118932723999023,3.586912155151367,-11.70584487915039,0,2bit,0.0
40,manager,-8.119011878967285,3.586869239807129,-11.705881118774414,0,2bit,0.0
41,manager,-8.11902904510498,3.586852550506592,-11.705881595611572,0,2bit,0.0
42,manager,-8.118942260742188,3.58689022064209,-11.705832481384277,0,2bit,0.0
43,manager,-8.119004249572754,3.586825370788574,-11.705829620361328,0,2bit,0.0
44,therapist,-8.118968963623047,3.586885929107666,-11.705854892730713,0,2bit,0.0
45,therapist,-8.119004249572754,3.5868611335754395,-11.705865383148193,0,2bit,0.0
46,therapist,-8.118990898132324,3.586838722229004,-11.705829620361328,0,2bit,0.0
47,therapist,-8.119000434875488,3.586851119995117,-11.705851554870605,0,2bit,0.0
48,administrator,-8.118958473205566,3.5868635177612305,-11.705821990966797,0,2bit,0.0
49,administrator,-8.118943214416504,3.586887836456299,-11.705831050872803,0,2bit,0.0
50,administrator,-8.118996620178223,3.5868706703186035,-11.705867290496826,0,2bit,0.0
51,administrator,-8.119014739990234,3.5868630409240723,-11.705877780914307,0,2bit,0.0
52,salesperson,-8.118982315063477,3.586883544921875,-11.705865859985352,0,2bit,0.0
53,salesperson,-8.118980407714844,3.5868988037109375,-11.705879211425781,0,2bit,0.0
54,salesperson,-8.118941307067871,3.5868992805480957,-11.705840587615967,0,2bit,0.0
55,salesperson,-8.118952751159668,3.5868682861328125,-11.70582103729248,0,2bit,0.0
56,receptionist,-8.118958473205566,3.586881637573242,-11.705840110778809,0,2bit,0.0
57,receptionist,-8.118997573852539,3.5869035720825195,-11.705901145935059,0,2bit,0.0
58,receptionist,-8.119000434875488,3.586897850036621,-11.70589828491211,0,2bit,0.0
59,receptionist,-8.119002342224121,3.586836814880371,-11.705839157104492,0,2bit,0.0
60,librarian,-8.119046211242676,3.5868186950683594,-11.705864906311035,0,2bit,0.0
61,librarian,-8.118971824645996,3.5868778228759766,-11.705849647521973,0,2bit,0.0
62,librarian,-8.118996620178223,3.586864471435547,-11.70586109161377,0,2bit,0.0
63,librarian,-8.118992805480957,3.586853504180908,-11.705846309661865,0,2bit,0.0
64,advisor,-8.118942260742188,3.586890697479248,-11.705832958221436,0,2bit,0.0
65,advisor,-8.118964195251465,3.5868730545043945,-11.70583724975586,0,2bit,0.0
66,advisor,-8.1190767288208,3.5867700576782227,-11.705846786499023,0,2bit,0.0
67,advisor,-8.118964195251465,3.5868582725524902,-11.705822467803955,0,2bit,0.0
68,pharmacist,-8.118975639343262,3.586841106414795,-11.705816745758057,0,2bit,0.0
69,pharmacist,-8.119019508361816,3.5868144035339355,-11.705833911895752,0,2bit,0.0
70,pharmacist,-8.119020462036133,3.586848258972168,-11.7058687210083,0,2bit,0.0
71,pharmacist,-8.11900806427002,3.5868358612060547,-11.705843925476074,0,2bit,0.0
72,janitor,-8.1189603805542,3.5868844985961914,-11.70584487915039,0,2bit,0.0
73,janitor,-8.119013786315918,3.5868582725524902,-11.705872058868408,0,2bit,0.0
74,janitor,-8.11902904510498,3.586838722229004,-11.705867767333984,0,2bit,0.0
75,janitor,-8.119019508361816,3.5868797302246094,-11.705899238586426,0,2bit,0.0
76,psychologist,-8.118987083435059,3.5868782997131348,-11.705865383148193,0,2bit,0.0
77,psychologist,-8.118985176086426,3.5868706703186035,-11.70585584640503,0,2bit,0.0
78,psychologist,-8.119027137756348,3.586867332458496,-11.705894470214844,0,2bit,0.0
79,psychologist,-8.119000434875488,3.586884021759033,-11.705884456634521,0,2bit,0.0
80,physician,-8.119038581848145,3.586833953857422,-11.705872535705566,0,2bit,0.0
81,physician,-8.118959426879883,3.5868682861328125,-11.705827713012695,0,2bit,0.0
82,physician,-8.119022369384766,3.5868587493896484,-11.705881118774414,0,2bit,0.0
83,physician,-8.118962287902832,3.5868568420410156,-11.705819129943848,0,2bit,0.0
84,carpenter,-8.11896800994873,3.5868349075317383,-11.705802917480469,0,2bit,0.0
85,carpenter,-8.118978500366211,3.586839199066162,-11.705817699432373,0,2bit,0.0
86,carpenter,-8.118980407714844,3.586897373199463,-11.705877780914307,0,2bit,0.0
87,carpenter,-8.119036674499512,3.586822509765625,-11.705859184265137,0,2bit,0.0
88,nurse,-8.119038581848145,3.5868663787841797,-11.705904960632324,0,2bit,0.0
89,nurse,-8.118965148925781,3.586883068084717,-11.705848217010498,0,2bit,0.0
90,nurse,-8.118962287902832,3.586857318878174,-11.705819606781006,0,2bit,0.0
91,nurse,-8.118974685668945,3.5868234634399414,-11.705798149108887,0,2bit,0.0
92,investigator,-8.118964195251465,3.5868582725524902,-11.705822467803955,0,2bit,0.0
93,investigator,-8.119020462036133,3.5868659019470215,-11.705886363983154,0,2bit,0.0
94,investigator,-8.119025230407715,3.5868444442749023,-11.705869674682617,0,2bit,0.0
95,investigator,-8.1190767288208,3.5868186950683594,-11.70589542388916,0,2bit,0.0
96,bartender,-8.118998527526855,3.586853504180908,-11.705852031707764,0,2bit,0.0
97,bartender,-8.118913650512695,3.586888313293457,-11.705801963806152,0,2bit,0.0
98,bartender,-8.119009017944336,3.5868606567382812,-11.705869674682617,0,2bit,0.0
99,bartender,-8.118983268737793,3.586860179901123,-11.705843448638916,0,2bit,0.0
100,specialist,-8.118943214416504,3.58687162399292,-11.705814838409424,0,2bit,0.0
101,specialist,-8.11901569366455,3.586851119995117,-11.705866813659668,0,2bit,0.0
102,specialist,-8.118958473205566,3.586867332458496,-11.705825805664062,0,2bit,0.0
103,specialist,-8.118996620178223,3.5868520736694336,-11.705848693847656,0,2bit,0.0
104,electrician,-8.11901569366455,3.586878776550293,-11.705894470214844,0,2bit,0.0
105,electrician,-8.118959426879883,3.5868749618530273,-11.70583438873291,0,2bit,0.0
106,electrician,-8.11898136138916,3.586817741394043,-11.705799102783203,0,2bit,0.0
107,electrician,-8.11895751953125,3.5868992805480957,-11.705856800079346,0,2bit,0.0
108,officer,-8.118963241577148,3.5868844985961914,-11.70584774017334,0,2bit,0.0
109,officer,-8.11892318725586,3.586880683898926,-11.705803871154785,0,2bit,0.0
110,officer,-8.118971824645996,3.586885929107666,-11.705857753753662,0,2bit,0.0
111,officer,-8.118989944458008,3.586843967437744,-11.705833911895752,0,2bit,0.0
112,pathologist,-8.118986129760742,3.5868945121765137,-11.705880641937256,0,2bit,0.0
113,pathologist,-8.119038581848145,3.586833953857422,-11.705872535705566,0,2bit,0.0
114,pathologist,-8.119038581848145,3.5868663787841797,-11.705904960632324,0,2bit,0.0
115,pathologist,-8.11903190612793,3.586859703063965,-11.705891609191895,0,2bit,0.0
116,teacher,-8.118958473205566,3.586857795715332,-11.705816268920898,0,2bit,0.0
117,teacher,-8.118990898132324,3.586878776550293,-11.705869674682617,0,2bit,0.0
118,teacher,-8.11897087097168,3.5868377685546875,-11.705808639526367,0,2bit,0.0
119,teacher,-8.11900520324707,3.586839199066162,-11.705844402313232,0,2bit,0.0
120,lawyer,-8.119013786315918,3.5868473052978516,-11.70586109161377,0,2bit,0.0
121,lawyer,-8.118988990783691,3.5868258476257324,-11.705814838409424,0,2bit,0.0
122,lawyer,-8.119043350219727,3.586862564086914,-11.70590591430664,0,2bit,0.0
123,lawyer,-8.118952751159668,3.5868921279907227,-11.70584487915039,0,2bit,0.0
124,planner,-8.118943214416504,3.5868773460388184,-11.705820560455322,0,2bit,0.0
125,planner,-8.118989944458008,3.5868606567382812,-11.705850601196289,0,2bit,0.0
126,planner,-8.119009971618652,3.5868382453918457,-11.705848217010498,0,2bit,0.0
127,planner,-8.11900806427002,3.5868654251098633,-11.705873489379883,0,2bit,0.0
128,practitioner,-8.11901569366455,3.586860179901123,-11.705875873565674,0,2bit,0.0
129,practitioner,-8.118999481201172,3.5868983268737793,-11.705897808074951,0,2bit,0.0
130,practitioner,-8.118993759155273,3.5868563652038574,-11.70585012435913,0,2bit,0.0
131,practitioner,-8.11903190612793,3.5868406295776367,-11.705872535705566,0,2bit,0.0
132,plumber,-8.1189603805542,3.586878776550293,-11.705839157104492,0,2bit,0.0
133,plumber,-8.119009971618652,3.586869239807129,-11.705879211425781,0,2bit,0.0
134,plumber,-8.118998527526855,3.586885929107666,-11.705884456634521,0,2bit,0.0
135,plumber,-8.118937492370605,3.586874008178711,-11.705811500549316,0,2bit,0.0
136,instructor,-8.119024276733398,3.5868563652038574,-11.705880641937256,0,2bit,0.0
137,instructor,-8.118963241577148,3.586869239807129,-11.705832481384277,0,2bit,0.0
138,instructor,-8.118987083435059,3.5868539810180664,-11.705841064453125,0,2bit,0.0
139,instructor,-8.11900806427002,3.586832046508789,-11.705840110778809,0,2bit,0.0
140,surgeon,-8.118986129760742,3.5868496894836426,-11.705835819244385,0,2bit,0.0
141,surgeon,-8.119047164916992,3.5868353843688965,-11.705882549285889,0,2bit,0.0
142,surgeon,-8.118982315063477,3.5868477821350098,-11.705830097198486,0,2bit,0.0
143,surgeon,-8.11901569366455,3.5868539810180664,-11.705869674682617,0,2bit,0.0
144,veterinarian,-8.119020462036133,3.586822986602783,-11.705843448638916,0,2bit,0.0
145,veterinarian,-8.11896800994873,3.586888313293457,-11.705856323242188,0,2bit,0.0
146,veterinarian,-8.11893367767334,3.5868964195251465,-11.705830097198486,0,2bit,0.0
147,veterinarian,-8.119000434875488,3.5868959426879883,-11.705896377563477,0,2bit,0.0
148,paramedic,-8.119004249572754,3.5868706703186035,-11.705874919891357,0,2bit,0.0
149,paramedic,-8.11896800994873,3.5868759155273438,-11.705843925476074,0,2bit,0.0
150,paramedic,-8.118965148925781,3.5868916511535645,-11.705856800079346,0,2bit,0.0
151,paramedic,-8.118980407714844,3.586866855621338,-11.705847263336182,0,2bit,0.0
152,examiner,-8.118990898132324,3.586820125579834,-11.705811023712158,0,2bit,0.0
153,examiner,-8.119024276733398,3.5868821144104004,-11.705906391143799,0,2bit,0.0
154,examiner,-8.119070053100586,3.5867972373962402,-11.705867290496826,0,2bit,0.0
155,examiner,-8.118963241577148,3.586878776550293,-11.705842018127441,0,2bit,0.0
156,chemist,-8.119032859802246,3.586846351623535,-11.705879211425781,0,2bit,0.0
157,chemist,-8.11899471282959,3.586887836456299,-11.705882549285889,0,2bit,0.0
158,chemist,-8.118965148925781,3.5869059562683105,-11.705871105194092,0,2bit,0.0
159,chemist,-8.119009971618652,3.586855888366699,-11.705865859985352,0,2bit,0.0
160,machinist,-8.118943214416504,3.5868635177612305,-11.705806732177734,0,2bit,0.0
161,machinist,-8.118998527526855,3.5868115425109863,-11.705810070037842,0,2bit,0.0
162,machinist,-8.119040489196777,3.586864948272705,-11.705905437469482,0,2bit,0.0
163,machinist,-8.118971824645996,3.586862564086914,-11.70583438873291,0,2bit,0.0
164,appraiser,-8.118964195251465,3.586892604827881,-11.705856800079346,0,2bit,0.0
165,appraiser,-8.118993759155273,3.5869174003601074,-11.70591115951538,0,2bit,0.0
166,appraiser,-8.118967056274414,3.586876392364502,-11.705843448638916,0,2bit,0.0
167,appraiser,-8.118982315063477,3.586824893951416,-11.705807209014893,0,2bit,0.0
168,nutritionist,-8.119040489196777,3.5868515968322754,-11.705892086029053,0,2bit,0.0
169,nutritionist,-8.11896800994873,3.586845874786377,-11.705813884735107,0,2bit,0.0
170,nutritionist,-8.119029998779297,3.586862087249756,-11.705892086029053,0,2bit,0.0
171,nutritionist,-8.119060516357422,3.5868024826049805,-11.705862998962402,0,2bit,0.0
172,architect,-8.118989944458008,3.5868616104125977,-11.705851554870605,0,2bit,0.0
173,architect,-8.118988037109375,3.5868611335754395,-11.705849170684814,0,2bit,0.0
174,architect,-8.119046211242676,3.586822986602783,-11.705869197845459,0,2bit,0.0
175,architect,-8.118975639343262,3.586886405944824,-11.705862045288086,0,2bit,0.0
176,hairdresser,-8.118966102600098,3.5868959426879883,-11.705862045288086,0,2bit,0.0
177,hairdresser,-8.118958473205566,3.586907386779785,-11.705865859985352,0,2bit,0.0
178,hairdresser,-8.119004249572754,3.586860179901123,-11.705864429473877,0,2bit,0.0
179,hairdresser,-8.118976593017578,3.586874485015869,-11.705851078033447,0,2bit,0.0
180,baker,-8.118990898132324,3.5868940353393555,-11.70588493347168,0,2bit,0.0
181,baker,-8.118962287902832,3.5868735313415527,-11.705835819244385,0,2bit,0.0
182,baker,-8.118962287902832,3.586869239807129,-11.705831527709961,0,2bit,0.0
183,baker,-8.118971824645996,3.5868964195251465,-11.705868244171143,0,2bit,0.0
184,programmer,-8.119000434875488,3.586883544921875,-11.705883979797363,0,2bit,0.0
185,programmer,-8.118971824645996,3.5869197845458984,-11.705891609191895,0,2bit,0.0
186,programmer,-8.119032859802246,3.586857795715332,-11.705890655517578,0,2bit,0.0
187,programmer,-8.119023323059082,3.5868372917175293,-11.705860614776611,0,2bit,0.0
188,paralegal,-8.119002342224121,3.58689022064209,-11.705892562866211,0,2bit,0.0
189,paralegal,-8.118974685668945,3.586911201477051,-11.705885887145996,0,2bit,0.0
190,paralegal,-8.118998527526855,3.58689022064209,-11.705888748168945,0,2bit,0.0
191,paralegal,-8.118985176086426,3.5868349075317383,-11.705820083618164,0,2bit,0.0
192,hygienist,-8.119094848632812,3.586808681488037,-11.70590353012085,0,2bit,0.0
193,hygienist,-8.119004249572754,3.586879253387451,-11.705883502960205,0,2bit,0.0
194,hygienist,-8.119030952453613,3.586853504180908,-11.705884456634521,0,2bit,0.0
195,hygienist,-8.119009971618652,3.5868043899536133,-11.705814361572266,0,2bit,0.0
196,scientist,-8.118962287902832,3.586850166320801,-11.705812454223633,0,2bit,0.0
197,scientist,-8.118952751159668,3.5868778228759766,-11.705830574035645,0,2bit,0.0
198,scientist,-8.119006156921387,3.5868406295776367,-11.705846786499023,0,2bit,0.0
199,scientist,-8.11898136138916,3.5868916511535645,-11.705873012542725,0,2bit,0.0
200,dispatcher,-8.11899471282959,3.586855888366699,-11.705850601196289,0,2bit,0.0
201,dispatcher,-8.118964195251465,3.586857795715332,-11.705821990966797,0,2bit,0.0
202,dispatcher,-8.118995666503906,3.58687162399292,-11.705867290496826,0,2bit,0.0
203,dispatcher,-8.118965148925781,3.586843490600586,-11.705808639526367,0,2bit,0.0
204,cashier,-8.119000434875488,3.5868539810180664,-11.705854415893555,0,2bit,0.0
205,cashier,-8.11898422241211,3.586851119995117,-11.705835342407227,0,2bit,0.0
206,cashier,-8.119028091430664,3.586869716644287,-11.705897808074951,0,2bit,0.0
207,cashier,-8.119009017944336,3.5868563652038574,-11.705865383148193,0,2bit,0.0
208,auditor,-8.119009971618652,3.5868515968322754,-11.705861568450928,0,2bit,0.0
209,auditor,-8.118968963623047,3.586866855621338,-11.705835819244385,0,2bit,0.0
210,auditor,-8.118964195251465,3.586876392364502,-11.705840587615967,0,2bit,0.0
211,auditor,-8.118987083435059,3.5868325233459473,-11.705819606781006,0,2bit,0.0
212,dietitian,-8.119000434875488,3.586831569671631,-11.70583200454712,0,2bit,0.0
213,dietitian,-8.11906909942627,3.586815357208252,-11.705884456634521,0,2bit,0.0
214,dietitian,-8.118977546691895,3.586888313293457,-11.705865859985352,0,2bit,0.0
215,dietitian,-8.118969917297363,3.586862087249756,-11.70583200454712,0,2bit,0.0
216,painter,-8.118998527526855,3.5868678092956543,-11.70586633682251,0,2bit,0.0
217,painter,-8.11905288696289,3.586831569671631,-11.705884456634521,0,2bit,0.0
218,painter,-8.11905288696289,3.5868539810180664,-11.705906867980957,0,2bit,0.0
219,painter,-8.118998527526855,3.586878776550293,-11.705877304077148,0,2bit,0.0
220,broker,-8.118945121765137,3.5868778228759766,-11.705822944641113,0,2bit,0.0
221,broker,-8.118958473205566,3.5868701934814453,-11.705828666687012,0,2bit,0.0
222,broker,-8.118937492370605,3.586850643157959,-11.705788135528564,0,2bit,0.0
223,broker,-8.118988990783691,3.5868773460388184,-11.70586633682251,0,2bit,0.0
224,chef,-8.1189546585083,3.5868797302246094,-11.70583438873291,0,2bit,0.0
225,chef,-8.118987083435059,3.5868420600891113,-11.70582914352417,0,2bit,0.0
226,chef,-8.118998527526855,3.586880683898926,-11.705879211425781,0,2bit,0.0
227,chef,-8.11899471282959,3.5868191719055176,-11.705813884735107,0,2bit,0.0
228,doctor,-8.118987083435059,3.586866855621338,-11.705853939056396,0,2bit,0.0
229,doctor,-8.118926048278809,3.5869035720825195,-11.705829620361328,0,2bit,0.0
230,doctor,-8.119012832641602,3.5868682861328125,-11.705881118774414,0,2bit,0.0
231,doctor,-8.119022369384766,3.5868372917175293,-11.705859661102295,0,2bit,0.0
232,firefighter,-8.11902141571045,3.586859703063965,-11.705881118774414,0,2bit,0.0
233,firefighter,-8.118998527526855,3.5868539810180664,-11.705852508544922,0,2bit,0.0
234,firefighter,-8.119061470031738,3.5868430137634277,-11.705904483795166,0,2bit,0.0
235,firefighter,-8.118979454040527,3.58687686920166,-11.705856323242188,0,2bit,0.0
236,secretary,-8.118983268737793,3.5868420600891113,-11.705825328826904,0,2bit,0.0
237,secretary,-8.118987083435059,3.586862087249756,-11.705849170684814,0,2bit,0.0
238,secretary,-8.118971824645996,3.586915969848633,-11.705887794494629,0,2bit,0.0
239,secretary,-8.118992805480957,3.5868616104125977,-11.705854415893555,0,2bit,0.0
